0.4482601890607911,-0.06594386061082674,0.09297270035608275,0.5607998682437791,-0.03594174311278793,0.05,0.45990209773026236,-0.032384340554246396,0.05,0.5079173920680004,0.019103744956748867,0.05
0.52565931194477,-0.010058887844433942,0.0689087753614317,0.5754740859928277,-0.020442334468706663,0.05,0.5660354495268041,-0.07467798764641352,0.05,0.5554042248101991,0.08609284102985884,0.05
0.4979457354090474,0.016663541957665062,0.08142075844186661,0.41493393832652076,0.025358904939118243,0.05,0.4122266538374295,-0.007737508718597796,0.05,0.45046676135293445,0.011210422578400145,0.05
0.5440579811036622,0.03395929907682693,0.05435838980368776,0.5448100740840818,-0.04272395807030034,0.05,0.46425686083334083,0.0808187244298269,0.05,0.46865474128858675,0.0011944143539946717,0.05
0.5098002468705309,-0.08939812413451019,0.08927179879336362,0.48769111015166816,0.03421623898085427,0.05,0.5668650783760482,-0.09999420045285579,0.05,0.43339667784063424,-0.0468522447214427,0.05
0.4137442198911283,0.05453681696121612,0.06632529719447974,0.47738747781982827,0.021132659231619527,0.05,0.4901638337197323,0.09695966997092567,0.05,0.5096944503933687,-0.0817150164327225,0.05
0.47761669837520637,0.005207691566036329,0.07748579836978728,0.5187073901525754,-0.005985339534059372,0.05,0.44169895032625434,-0.06447278740667586,0.05,0.5193884566451116,0.08291477190711041,0.05
0.5439837718082722,0.08262708917836922,0.08258687404744178,0.48964332660356247,-0.059372085195613704,0.05,0.5836534234394942,0.0008179493963125506,0.05,0.5311674846930654,-0.041826130954122444,0.05
0.5313087594843567,0.01104940586999821,0.0556232199378487,0.5426017757868596,-0.04353550155229944,0.05,0.544358980975719,-0.04338530522694879,0.05,0.4546615615567781,0.03233718281381015,0.05
0.42339563934067775,0.0962324949990239,0.09770886077583509,0.4196970608344347,-0.08428263428691535,0.05,0.5962825451492961,0.013350235218535247,0.05,0.4004856680375366,0.053625417629617395,0.05
0.5765095836717378,-0.06183747973240228,0.05120887120786792,0.4285344309627407,-0.04646143556816265,0.05,0.47039949511543633,-0.06184223209957645,0.05,0.44374310858038274,0.0790103229948281,0.05
0.4418277272917921,-0.007092032776650714,0.0805225397148064,0.5850902890153715,0.020804778020575496,0.05,0.5338074006042056,0.04132487738202009,0.05,0.5283034359902749,0.012548396736943274,0.05
0.4672668135274919,0.03533231416599683,0.09089560890529345,0.5987511557395108,-0.09624837978912071,0.05,0.4578655724831767,0.0031907957473264748,0.05,0.4501227689182107,0.08008153837399179,0.05
0.5902350021554303,0.024787628414731325,0.061081805824712704,0.4890391054371575,-0.06725341930438572,0.05,0.5366458915267995,0.06590203860997579,0.05,0.48094460409157125,0.09643188544835088,0.05
0.4674902282639318,-0.06814215383670992,0.0559433824390209,0.41721177959797756,0.08518004194580242,0.05,0.5092302964354918,-0.03348085518192723,0.05,0.5221048699258469,0.06685615243453708,0.05
0.4889965190374733,-0.0794981154111335,0.09410361861891385,0.5962349183031098,0.07857648177744248,0.05,0.44652253700717703,-0.08172625857464098,0.05,0.4161770291264301,0.0989253628103203,0.05
0.4736232156791199,0.021990125189528628,0.05533202038996709,0.4392167968061003,0.08426614452253059,0.05,0.4463662001562047,-0.061588651740261936,0.05,0.5346738665075969,0.05289001048269579,0.05
0.597690810410979,-0.022965084457071863,0.07860119600015836,0.5185902529019317,-0.08090945213785893,0.05,0.41289778626213214,-0.05774052257175302,0.05,0.5205991480850892,-0.04586943648319806,0.05
0.40234351157839626,-0.09162029892458697,0.07506237526046322,0.485184138297297,-0.025757839653263823,0.05,0.4702075352602698,-0.04008112634030623,0.05,0.5161644516712341,-0.09446958800124045,0.05
0.5674590037076525,-0.05724989144547768,0.060730798034933635,0.5921692671314036,0.04557019284165423,0.05,0.5095861662300208,0.09627243164784266,0.05,0.5540176501720467,0.03686240182411385,0.05
0.4593680878734261,0.015242549522536411,0.08505574173970523,0.4259274149391535,-0.016576961059405843,0.05,0.4217474351110132,-0.03175613048610566,0.05,0.46935652284333856,-0.047280982418677044,0.05
0.4674954818158537,0.06232580774250382,0.09135589087852172,0.5169178319332488,0.00021207722933551387,0.05,0.5640338137466098,0.08755148983146563,0.05,0.5982965233663773,0.031131272823026024,0.05
0.4253075799128723,-0.050738059881389797,0.0725988878916449,0.415064605531972,0.06555055908994298,0.05,0.5795677727595745,-0.0022404728743241203,0.05,0.4137775036668894,0.02633748442636627,0.05
0.48646746664793455,0.05806419193024534,0.0941400671786656,0.449527405796114,-0.05292969383780937,0.05,0.5644863577689814,0.09779249282553673,0.05,0.5737041287429385,-0.008513401499630951,0.05
0.4313684525149529,0.05450277526594269,0.07529214251513253,0.5431725354612704,-0.05034374817438334,0.05,0.5790868952975406,-0.07760993193194983,0.05,0.512966760255606,-0.05444177236660781,0.05
0.508804742286126,-0.009524318389995609,0.07981734964640402,0.465995649329915,0.00031823554285939637,0.05,0.5639711802662883,0.05891354189114642,0.05,0.5807359032700473,-0.06912526391662395,0.05
0.476395144946575,0.07634695396016847,0.08866861279275144,0.5121684751364928,-0.09517698732925158,0.05,0.4140841675055666,-0.08667401105303658,0.05,0.4135868754095963,0.012452783912656515,0.05
0.4656912455727263,-0.018750555396298815,0.055130055953330814,0.5000428294090304,0.07754354758477872,0.05,0.4061126511607546,0.010422999254593404,0.05,0.5271578508676757,-0.047845258358139464,0.05
0.5664860722729397,0.0648790834076608,0.08716827951094659,0.5055298745378405,0.07457035263541098,0.05,0.5986734684306365,0.01834425129753789,0.05,0.4329108448761931,0.03657497350728872,0.05
0.412012335049124,-0.05307061443563615,0.09294063788307583,0.4797557256244476,-0.017860644659323174,0.05,0.4732477874906042,-0.03633790063218567,0.05,0.4081912509025552,0.004864968872462613,0.05
0.44285347044708556,-0.09412207509671695,0.08093718097274014,0.4912695682299054,0.00023407877277906164,0.05,0.43811167115015787,0.08712938931516545,0.05,0.5592941134423638,-0.00776201059548591,0.05
0.5829597224793832,0.07846396837628333,0.07867077039414341,0.4164757845904924,-0.023207917740861922,0.05,0.46080671697670883,0.031036249401089927,0.05,0.48730097166213304,-0.04308292690325624,0.05
0.5921015473954024,-0.013361139565729666,0.08695907461162455,0.4895392524076546,-0.06110463579793928,0.05,0.4808887202337916,0.08493847359056547,0.05,0.5012854213758842,-0.08767267618295305,0.05
0.4213977474185005,0.09900206496004729,0.09814656507172001,0.5595759434432409,0.029263235441432778,0.05,0.4601435964475681,0.04074407425030441,0.05,0.5285382709327024,0.08217967394060707,0.05
0.5107063198301186,0.041832806443614284,0.06342564769347768,0.5898567444127858,0.0828085584045051,0.05,0.5613446619007247,0.08544957688885715,0.05,0.4456264742780703,-0.015429907745257945,0.05
0.423402578560236,0.02595040624464401,0.06997374940739834,0.5073534471525637,-0.0644666542873773,0.05,0.5992320312984416,-0.09711575604032946,0.05,0.5089976955707405,0.0682892049337323,0.05
0.4593349503052886,-0.039533348744612964,0.09625567163126257,0.5184622907393134,0.04675233868783493,0.05,0.49906017853188755,-0.0010789417827710146,0.05,0.5299741856645677,-0.08221974157433423,0.05
0.5608447883705937,-0.01517518697494176,0.06252981581692649,0.4804969137723475,0.041741418446661516,0.05,0.589047245093646,0.09368881748464383,0.05,0.43112235466493654,-0.08848152890473292,0.05
0.4576530114702499,-0.067690943389708,0.09287821786407506,0.4330385964563296,0.05357593806200564,0.05,0.4695254003858611,0.07274893846514296,0.05,0.5122118729323801,-0.02416508753385875,0.05
0.43902356711126495,-0.005200082139474288,0.0718331776649538,0.5485120285955627,0.04476730603340234,0.05,0.47292099094516643,0.06535339612187191,0.05,0.5690462689340167,-0.077982734553934,0.05
0.4270684897297972,0.03707839690358608,0.08494975899032244,0.5774898050803616,-0.018600813264074256,0.05,0.5990704123646254,-0.07018838353676356,0.05,0.5651402178446552,-0.04396142456391055,0.05
0.5497165837369482,-0.06947277924843359,0.09189604687923962,0.46342340307401036,-0.05587306711144824,0.05,0.518790895768116,0.06457022492881923,0.05,0.4369062686908219,0.0340456126753203,0.05
0.5943484062650686,-0.013484736989088447,0.07430281484536327,0.48514442733783286,0.05338910945404063,0.05,0.45721849367382994,0.0964039334598068,0.05,0.42245116740697686,0.06736576915939549,0.05
0.4544460241498803,0.059964083111036404,0.07293991157271831,0.5013223270166239,-0.07034733119873987,0.05,0.4139274451803532,-0.02822048828504893,0.05,0.5691640207472213,-0.0798438202735859,0.05
0.5705641001370587,0.01749006082969043,0.07839385096479858,0.560381130336436,0.07074537224157737,0.05,0.47044903121022985,0.0855503201841836,0.05,0.5452476573133256,-0.02306326500911697,0.05
0.5519712195432921,0.02990634933177916,0.06128044704295948,0.5710462183419909,-0.03363358313294455,0.05,0.5188903850326664,-0.09644299098968118,0.05,0.44643268914302675,-0.002916479003828215,0.05
0.4803454212484244,-0.04855533774560555,0.05867336552346258,0.5906734183297216,-0.013159523193701866,0.05,0.5018368087197693,0.08391392698293312,0.05,0.5580525010896746,-0.06087713049182189,0.05
0.48232297546004765,-0.07937535276639898,0.052338536765754395,0.5358155297442858,0.07822181157436489,0.05,0.5025885679077051,0.022792071914409573,0.05,0.5875841592107174,-0.04652960842827967,0.05
0.5950279212232537,0.08748551564258836,0.08285862107374134,0.4571542261401209,-0.09751730302575451,0.05,0.47476575889001366,0.013978013749034443,0.05,0.4823231423641184,0.024920044223529045,0.05
0.46051005918855176,-0.015539173406676807,0.07116874809526302,0.5798148790199253,-0.05780746459243274,0.05,0.42046457609964133,0.07588343669796604,0.05,0.5100174721336808,-0.02702199062813393,0.05
0.5316617142743582,0.03708242156246791,0.055762132239535606,0.4700078908992692,-0.06199027929281769,0.05,0.5673136022129687,-0.09301130200162513,0.05,0.4057432864315543,0.09331346362344523,0.05
0.5599178780209899,0.023730870295876463,0.06922656605757915,0.40393083004253927,0.052234361388391076,0.05,0.5675920069487395,-0.09781595187018993,0.05,0.5964334091748957,0.08957628458243935,0.05
0.5475386020319639,-0.006743737350539902,0.06510910649605267,0.42740660504712297,0.06979925583886351,0.05,0.42425979933890023,-0.033392995727843294,0.05,0.45298968357894714,0.03721029279264437,0.05
0.4876050408761746,-0.03495700759860547,0.08456733718118276,0.4695743510830563,0.06465836986391801,0.05,0.4270772889107747,-0.06886573444427438,0.05,0.5044583536470947,0.017539963808347173,0.05
0.4445814528544156,-0.03482717367207877,0.055901300549994204,0.5496691041536318,0.07034222518956618,0.05,0.5680863732522666,0.0617197987394473,0.05,0.5359015939373811,0.03280713995869522,0.05
0.5254298093529206,0.06945921303948921,0.07549950613076524,0.5184695106627218,-0.07020626726816988,0.05,0.46501378799058574,-0.011123434499053467,0.05,0.4406055039260259,0.02381264962077234,0.05
0.49790206708478923,-0.04245681259149073,0.0964882189755259,0.5957193029668442,0.06717870620019825,0.05,0.5335178667498227,0.06842966855000737,0.05,0.4223681081399665,0.08088906411202468,0.05
0.5826566680428483,0.0557680051954155,0.09352331939599703,0.484160705394904,-0.03763363458937572,0.05,0.4529097989553752,0.01391744890042737,0.05,0.469587371310489,0.055952427115627645,0.05
0.4538074922893513,0.07562013632144404,0.058041252295347324,0.5639547290415563,0.07193335651888136,0.05,0.5511074254568493,-0.08791913350685435,0.05,0.5692296650080748,0.08593198830904686,0.05
0.4789286653289794,0.08555158989995246,0.0857990482766367,0.5783944040799932,-0.0511283053286598,0.05,0.5632193743858607,-0.031710894968890416,0.05,0.46004865942206513,-0.039635549201314624,0.05
0.49511989151680036,-0.04567568915908498,0.09414267604511495,0.5552613121795793,0.07507580750776607,0.05,0.5199861530063231,-0.016493433516743775,0.05,0.412634229746735,0.07190148085296016,0.05
0.4008678226896298,0.057917114331316716,0.05661324919059993,0.4630439816113303,0.07128219881578005,0.05,0.5382635851713342,-0.03909099295404579,0.05,0.5516052627997399,-0.014185563345942051,0.05
0.5513178883481159,0.017043517106826542,0.09312534674938575,0.5609306296025087,0.05884579888703631,0.05,0.42064507442794874,0.08578706795150665,0.05,0.46912146302605867,-0.05114157501910202,0.05
0.46636339294910706,0.07254626912549039,0.08330559207497085,0.5654799749243008,-0.0504273961116279,0.05,0.5971848664284489,-0.014834803254408516,0.05,0.5329998410147583,-0.08852725846791253,0.05
0.41932522386945187,-0.06418162183857817,0.07267433491382118,0.5390491573712126,-0.019923976905506985,0.05,0.5225616235039895,0.012101614201013744,0.05,0.44276275262399617,0.08850843066196606,0.05
0.5899167140378916,0.03673097616878332,0.06143987810677925,0.4675539978381005,0.03184195764991474,0.05,0.4898576936925488,-0.03471380468446379,0.05,0.4635923760645169,0.05315539060089963,0.05
0.4181712549579624,0.030332512114321142,0.0630592174689847,0.5736787999157339,-0.07148048462699544,0.05,0.5072578768497197,0.03770804023773708,0.05,0.4668691461593517,-0.024139378710397466,0.05
0.5074969997691413,0.07867354114430308,0.07440417495295752,0.5265696895525068,0.006444209504495285,0.05,0.49905897954398076,-0.034018970054935996,0.05,0.4363223546570418,0.037810975806113534,0.05
0.5468772146671862,-0.06498148778031934,0.06710928710332574,0.4140133921162357,0.044055545293933046,0.05,0.5304732744372616,0.030482599008444605,0.05,0.4653960671947881,0.0857028289275345,0.05
0.49829953480364775,0.06615260025084688,0.05981941797968085,0.4448498332330883,-0.09068264273143756,0.05,0.42827705995944754,0.028249116762282672,0.05,0.5817706959288439,-0.02151438410748803,0.05
0.46421793468118555,-0.06944032532330742,0.05650141818554449,0.40087356845878414,-0.030198888549336264,0.05,0.44431026859394396,0.0990186536773513,0.05,0.5238780484740085,-0.007706825211442309,0.05
0.5893643340762406,-0.0825413503794048,0.0783230774897451,0.473184750370635,0.014813711403794422,0.05,0.4389748802984968,0.060093239045853036,0.05,0.4131010402552764,0.025447684417862965,0.05
0.5634948119354914,-0.0550107496938733,0.0841274649720027,0.5464964459268492,0.018288745196959416,0.05,0.43844920299821666,0.03198117453849597,0.05,0.5236537195747655,-0.054377700924719566,0.05
0.42032326022619143,-0.04205078730226173,0.07338775550561412,0.56393372232222,-0.06860537970005183,0.05,0.5798082199771564,0.034683690285255725,0.05,0.5755051550833328,-0.08842047535712379,0.05
0.4527125040936793,0.05409197013576714,0.09219018887023248,0.516063540441238,-0.006426454346237814,0.05,0.514066410473912,0.0861454975197864,0.05,0.4879497064301649,0.038230597441710035,0.05
0.5021980825118318,-0.05022773427025362,0.07516230832717868,0.5782028317347655,-0.056745753575976936,0.05,0.44917262472040387,0.08739670332847577,0.05,0.4027123566757368,-0.029380301280437365,0.05
0.5853661890869688,0.09856008492260113,0.06659670029831835,0.4425149744322868,-0.041039848246701795,0.05,0.5204110909177248,-0.03323640965486141,0.05,0.5278120478930197,0.07681113712428608,0.05
0.4764804994059233,-0.03699319196330318,0.06698437188850039,0.4434096930248488,0.06505985983149795,0.05,0.577706782334388,-0.058130695628775576,0.05,0.5444657365310944,-0.034296645894120445,0.05
0.4392927352637593,-0.06661334856657404,0.05806952640755559,0.5071300534513087,-0.05170212629760429,0.05,0.5001410898259403,0.08838856147540095,0.05,0.5612605285739574,0.06519658702916428,0.05
0.5053960895758444,0.0512963526474261,0.07753371764622058,0.4338571636957439,0.0003644459750705431,0.05,0.4621572215246167,-0.012006512421523508,0.05,0.566180967938936,-0.05694734223306952,0.05
0.5453741270871181,-0.06515184420559735,0.07656808199087821,0.4543289501708628,0.024856464752863225,0.05,0.5309862880811982,0.04924882849080153,0.05,0.4410657852085756,0.09424614176935306,0.05
0.4159974213359186,0.04066543720175342,0.06674529885554217,0.5579480038675826,0.06975395257399583,0.05,0.5377414783683898,-0.07549900006144078,0.05,0.5899976047403386,-0.04340070015573223,0.05
0.4284314426527822,-0.046178079776160355,0.07738544265024537,0.563826249164851,-0.020399009712770616,0.05,0.5749407440176425,-0.03604242462130332,0.05,0.4674808072251477,0.08740878968112051,0.05
0.5863224363337162,-0.06458306779188923,0.07083388915218271,0.4815128996430078,-0.03554557571801108,0.05,0.574434704948573,-0.01970024549215814,0.05,0.46158567122302346,-0.050688592830751715,0.05
0.5387347739291445,0.053882133568214474,0.052800662931026074,0.46063115280523703,0.006571999675361567,0.05,0.4054397897388549,0.06783020828141775,0.05,0.5263208699966375,-0.09148377923012947,0.05
0.5492671024581646,-0.05408314787824131,0.06968398072841202,0.4862247841129408,0.015358622880242173,0.05,0.5131855354977617,-0.015549667558890978,0.05,0.48774157282248654,-0.07755499083055449,0.05
0.586756252086883,0.041050470918999854,0.09588855710041629,0.4021096149612547,-0.004646353619493573,0.05,0.5013934210000328,-0.07811161960715561,0.05,0.5117298522514777,0.09822599659405012,0.05
0.48013065894315377,0.09622864943980317,0.08073901836697947,0.5365951255638963,0.05747667275061172,0.05,0.4894029179470416,-0.03804251825521974,0.05,0.5448775939543765,0.006471661263764458,0.05
0.4983710030462517,-0.015037553348968544,0.05708286601686311,0.46526739865971134,-0.07248493732006422,0.05,0.407112102263949,0.07847897216484137,0.05,0.46111126063804153,0.0967262478412741,0.05
0.4337802826915656,-0.07839206854436949,0.08049208428796766,0.5860696849594674,-0.08022312268249283,0.05,0.5694570466257773,0.061104543410028106,0.05,0.4608584821297107,0.041392078843015656,0.05
0.46707430131039207,0.02188152979522806,0.06464703489921873,0.42027447258267475,0.06495189247291816,0.05,0.5261105589828563,-0.000707863776934145,0.05,0.5721722412294412,0.03518005041102065,0.05
0.5192916977973812,-0.02317729583924337,0.0959152565653226,0.44931644449359337,-0.05333697081891935,0.05,0.47717483754315315,-0.020214616686017067,0.05,0.5480012267426373,-0.08307678777628376,0.05
0.48154944762038077,0.04281144212957361,0.054017094869518334,0.57163704398508,0.06427578814882448,0.05,0.48311381400069675,-0.07014784576308374,0.05,0.4126340642735371,0.09593009551111559,0.05
0.5595409853515808,-0.09589012579102868,0.09236688603459844,0.5797391377488048,0.08732314367343177,0.05,0.5363905804977767,0.06292337364983044,0.05,0.5869461298182781,-0.01761968939255014,0.05
0.5586403400604443,0.07846151407228513,0.09590792308022114,0.4240681737517301,-0.08870837824321383,0.05,0.4227657835101401,-0.006464266824053128,0.05,0.4737398917495387,-0.04890354995932016,0.05
0.5659866763536524,0.0941786472564676,0.07057320787857041,0.4386671458113115,0.038550659822912114,0.05,0.48483223081781335,-0.018085605021358225,0.05,0.42574182716122405,0.08343556029327717,0.05
0.41606839431811504,0.09434776880890436,0.09331461663043919,0.49606278558889416,-0.07225918211281951,0.05,0.4310770561317525,0.0502596842912037,0.05,0.5008270117431504,-0.008622950738070262,0.05
0.4548548621117737,-0.054736596748109136,0.09623679803026358,0.49653317844883105,0.09035549954662456,0.05,0.5145407207828392,-0.08767069905652392,0.05,0.4657901063217738,0.01016719071998029,0.05
0.5320903420540959,-0.04224236402541051,0.09919060962245743,0.4079354742520076,0.0912069961237276,0.05,0.44556600526922413,-0.022716289406013085,0.05,0.504507055354116,0.010105404342352034,0.05
0.5627152509734779,-0.05124974078537501,0.07797513343655639,0.5761661765449706,0.08086718940433657,0.05,0.42226917536084607,0.04471872710075678,0.05,0.4570437629948415,0.09526964477423641,0.05
0.5090811642834812,0.057240449274885,0.07968911027456788,0.500686800234046,-0.07902422463975636,0.05,0.5791824399852645,0.06276620879783712,0.05,0.5759165122225091,0.08622062364586788,0.05
0.44701137922837153,0.028805332669712108,0.07136406379838851,0.5019055524968965,-0.003443955737615023,0.05,0.5529868605636047,-0.044022050478560296,0.05,0.4954566692648771,-0.08618939165039892,0.05
0.45253410720987347,-0.019471088198212833,0.08051659522697444,0.5375173841762186,0.09254382742724285,0.05,0.5785970078520517,-0.09175607914725564,0.05,0.5033579490544596,0.0437795273815636,0.05
0.5795401755380432,0.011549594742257446,0.09048120605762827,0.4277185053903365,-0.07091099996695627,0.05,0.4827507553863275,0.050250150242963254,0.05,0.5363056371533148,-0.030869960481732836,0.05
0.4867121328400914,-0.08494715846830769,0.09980082825538408,0.4085713490558211,-0.013894539443078016,0.05,0.5751144912963264,0.09338434707828228,0.05,0.44339862257806845,0.02196539158069892,0.05
0.4212743301331062,0.09308755724782244,0.08136779125615537,0.5089952369909742,0.011999022530796766,0.05,0.5236486727736606,-0.01754624093173865,0.05,0.5503256732386882,0.030437021944596326,0.05
0.531347975078732,-0.04938188299070437,0.09319637532675704,0.4209709662055421,0.09928535719882844,0.05,0.4216269801374133,0.018838262316763804,0.05,0.5303390129349493,-0.09732109081018447,0.05
0.43513608244508,0.058929322382611476,0.06713566631778302,0.559646917325449,-0.009249789518904844,0.05,0.4472507997760485,-0.047613946064829854,0.05,0.4309934724043051,-0.08188819920811137,0.05
0.48631640095788575,-0.09265432982617182,0.051964788818317426,0.5058479250896929,-0.006452330424053937,0.05,0.5507997483213439,-0.07204891762180302,0.05,0.5858401386606797,0.08728069264585,0.05
0.542840091557503,-0.083032661316766,0.06534731562713725,0.4350529239754914,0.04133382723504503,0.05,0.4264603143492479,-0.09418047976233063,0.05,0.5101507336901325,-0.020066703568394045,0.05
0.43227065554789523,0.006388275114944886,0.08826790800284649,0.4128068823805623,0.09658158342200826,0.05,0.48401925491733827,0.08667365142539898,0.05,0.5843222320015518,0.09135034947104403,0.05
0.5862202860431865,0.023107378130151485,0.05068751749461323,0.49842392792768675,-0.03187293136171443,0.05,0.4994532670046078,-0.02042971098204413,0.05,0.417815010175603,-0.08001305225938765,0.05
0.515580847956102,-0.05709837260137838,0.06878078937176027,0.4005224316060676,0.030574344398533432,0.05,0.44674097983267463,-0.026922650597896364,0.05,0.43057985516973774,-0.03567634048278481,0.05
0.4452140778068435,-0.07376258202858216,0.06523180253381389,0.536768403036237,-0.05187344264222853,0.05,0.5580777364556085,-0.08233608193658837,0.05,0.5867236040038717,-0.02522074898354075,0.05
0.40929190122341175,0.07700340754466853,0.07639430530995275,0.511765155585672,0.043387009544305605,0.05,0.49180574760624757,0.004045313636585363,0.05,0.5741583086355867,0.03434798345478779,0.05
0.5899862218155639,0.017173046902400915,0.09388968738965993,0.5896959245912547,-0.021014268087395815,0.05,0.48307930928754833,-0.012581636443327188,0.05,0.4584044338598932,-0.03842257412137049,0.05
0.5539483749266421,-0.05633319905673833,0.08122716846164982,0.4410630499048758,0.031421432372606695,0.05,0.5325901142082929,-0.01102086034859788,0.05,0.4148528683835595,-0.04571403356502382,0.05
0.5741051847191975,0.04946842429433376,0.05316255847054477,0.5765178752994571,-0.009513861248097721,0.05,0.5208770349585266,0.09675609807460733,0.05,0.4351837419186397,0.047425725401100294,0.05
0.4753209644963892,0.054812386566174764,0.09174643658012478,0.45369304924310866,0.010552552355938688,0.05,0.5184839634914794,-0.0707916714212318,0.05,0.5957488185228228,0.06315044901058015,0.05
0.4164956276611117,0.06303687378489617,0.07132581103824644,0.5740110258865958,-0.007539570582111119,0.05,0.5524699655608237,0.03653908270015255,0.05,0.5218957423175514,0.02395269496529026,0.05
0.5451933466087091,0.08044289865127854,0.09454575036625637,0.5419979196790515,0.0353231472477924,0.05,0.43934067063556265,0.010304898504825771,0.05,0.44411489713590135,-0.053841592226640006,0.05
0.44722462269267205,0.056082743354130354,0.05038944157157235,0.5589198070339324,0.07749042312635454,0.05,0.5861477634632338,0.09964634134150357,0.05,0.565386178735103,-0.050500109776083615,0.05
0.5052159461517793,0.05405333166036552,0.09751945304163082,0.4083866910775803,-0.03125155781625415,0.05,0.40610496778682303,-0.07321847352592104,0.05,0.47026093948467423,0.055063796186162584,0.05
0.46872894209241234,-0.004533749540915635,0.07849157847044094,0.562743536580698,-0.04768805867891024,0.05,0.43061514172330184,0.03755778921991254,0.05,0.48724321458753644,0.07844356178041123,0.05
0.5500922349294648,0.06665378991680843,0.091694168394645,0.5692580256630752,0.015365229198188765,0.05,0.48546790567923354,-0.03998782904703333,0.05,0.5500035589545851,-0.08304113575585217,0.05
0.48984249372621724,-0.013445425510085957,0.07694159281784933,0.5282864664164825,-0.03185647997607942,0.05,0.5371030217648673,0.002498658891931571,0.05,0.4333851850102975,-0.007176729267540913,0.05
0.4264310574120588,0.025196435150390967,0.07102853112540522,0.46900231504142514,-0.046882345907112044,0.05,0.47461358986777263,0.01706333911852853,0.05,0.5502692565793903,-0.03573979305118949,0.05
0.442092130624363,0.09324717136344807,0.09425980251007753,0.42829424245610137,-0.01677820796049989,0.05,0.5635672395378025,-0.03570941640065793,0.05,0.5912278839244769,0.006698997655221486,0.05
0.4885925231448416,0.049835483443895046,0.09003908255966658,0.45337889377047536,-0.015010335974399117,0.05,0.5489818402720432,-0.07580883699605834,0.05,0.42606213434451856,0.06531006744198525,0.05
0.5544842364251046,-0.06852344455098602,0.09260452216277315,0.5258188777456331,0.06231600063215026,0.05,0.5248559367806688,-0.014406866059764337,0.05,0.5480682704914628,0.04206477036579523,0.05
0.5484715528234817,0.09423745758324134,0.06422015070619422,0.5511553054346472,0.04112395104498828,0.05,0.4322279639775224,-0.07543324677028479,0.05,0.5318727708051257,-0.025825457595695586,0.05
0.596222063993934,0.0366905965042956,0.07726102925968105,0.41084719973354045,0.014285502686671392,0.05,0.4978730721764352,-0.01259753937768085,0.05,0.43103113913455976,0.045654218541973685,0.05
0.5189926511263785,0.0920597136129438,0.09599332274116935,0.5981281478169131,0.048065273127124886,0.05,0.47956421942518007,-0.023352003334658783,0.05,0.48095438513275246,0.04713314788142983,0.05
0.5105922803204724,0.01791493877148234,0.059823997889335824,0.5977855633263063,0.006334006695976918,0.05,0.40639753513669424,-0.05854272697695853,0.05,0.44932537453739285,0.09989794907792149,0.05
0.4745754165524009,-0.01567182909941342,0.07897004932954997,0.514142577508054,0.039460641855837114,0.05,0.5223717427862784,0.09203440652505857,0.05,0.5559639897122395,-0.09035620397355987,0.05
0.5436305879321898,-0.045152106950637164,0.06684035649377586,0.5065857220518141,0.007890625748995655,0.05,0.4836957656802254,-0.03908260009772391,0.05,0.47503883508896944,0.03545387928576782,0.05
0.4794429000136255,-0.018513846880152493,0.06296781276989118,0.5151807454584875,0.056852709857040024,0.05,0.5494955155599335,-0.003621603182999908,0.05,0.42001685718785026,-0.08904574156126539,0.05
0.47638453287228766,-0.09175596414562144,0.05478431018891673,0.5279618068836185,-0.035311667247753684,0.05,0.5432535548555297,-0.0601095418310244,0.05,0.5551346805854104,-0.07755667616862404,0.05
0.40405307284667946,0.04786960959269773,0.07070155041730944,0.5378351913528079,-0.05713667393044693,0.05,0.5697110858083362,-0.08706628024995687,0.05,0.4309658279635671,-0.05345379928053036,0.05
0.5233982848327062,-0.09460275452125555,0.08864736445380053,0.49570027023260416,0.06927343490716398,0.05,0.5934999733324172,0.05392457463863087,0.05,0.4983268260282774,0.06231511166308268,0.05
0.5860070289837752,-0.0333035382883657,0.05375451277852603,0.5192073980603499,-0.007936602035164192,0.05,0.4596503896691186,0.09924964098037573,0.05,0.5797291191639322,0.03623710086303525,0.05
0.4879312254185239,0.04135684099486614,0.06059525215189064,0.5793131114511835,0.043018840268426534,0.05,0.5389145140259803,0.012557987828902578,0.05,0.5209426614528151,0.09008715378236007,0.05
0.5704921890896604,-0.012179062918012476,0.08066161853250756,0.43637990621136824,-0.013809296944502364,0.05,0.4502483702764184,0.09965286007561908,0.05,0.44674760743783315,-0.03426544931359794,0.05
0.5628218634853991,-0.04331220791988284,0.09210642860566107,0.43471904322938376,0.012362872122626212,0.05,0.4603292206358468,0.06502143249176248,0.05,0.4845011619377577,0.042856291844966754,0.05
0.5898803582444636,-0.06398295009826338,0.06631540979253583,0.5185447703037425,-0.03422044564454792,0.05,0.5073205994604233,0.08986529508251848,0.05,0.5245919707018835,-0.09345912673431128,0.05
0.5194214979260767,0.0649265376424539,0.07251965807085678,0.4424017947049282,0.05687462255138867,0.05,0.5362748532791491,0.01844070975812298,0.05,0.5815205130799526,-0.0696959276974106,0.05
0.4834158323155195,0.040225636385768454,0.08859506791676108,0.4070190232064238,-0.055129222156517166,0.05,0.40280423298590634,-0.06791562946357113,0.05,0.49181084242361317,0.08582017970189088,0.05
0.5537987079300455,0.041377462835172796,0.05119348113846023,0.45682749590901245,-0.04707000288271364,0.05,0.5679557539683626,-0.01554393127665829,0.05,0.42896364917624535,0.02821632256291262,0.05
0.4786426536935484,-0.04148191556754759,0.07161137848238458,0.5539744479591697,-0.09851406594095913,0.05,0.4268288657949619,-0.08335265915476725,0.05,0.527450823083664,-0.009154124517945311,0.05
0.5083210541985641,0.07526191404283009,0.09922836694555826,0.53035040258156,-0.017576710939375156,0.05,0.5532857568733984,-0.013188984924910968,0.05,0.48485484903845744,-0.07874775254905103,0.05
0.5559986733484967,-0.063862063208904,0.0923738383560122,0.5402577339246939,0.0685442010942556,0.05,0.4993287950225196,-0.00026066730881275924,0.05,0.5801811909292087,-0.02266867974516193,0.05
0.43116163040427,0.07160510164234735,0.0629551560990212,0.42920757030306617,-0.02261779010452865,0.05,0.47135634928763037,-0.09689756385932431,0.05,0.48940651000147034,0.05495282912893626,0.05
0.5880175929285631,-0.05659365703449402,0.09537394579161865,0.42009511933711047,0.06460400767035429,0.05,0.4541070625630624,-0.09266184825949553,0.05,0.5159303730581263,0.0797853460248272,0.05
0.4821173665409499,0.004774417656926905,0.0994987176085995,0.4673063719317856,-0.02840996051016996,0.05,0.4867874912036736,0.031097566600904264,0.05,0.40190610363951734,0.04797152206296654,0.05
0.42758682084651534,0.08298303653808012,0.060680894593075775,0.4405729582099174,-0.005229948880086682,0.05,0.5782043690979322,0.032124600811674814,0.05,0.5898775363822447,0.08370558177005646,0.05
0.41451760400087956,-0.06058820364656177,0.08551376002628044,0.5422653253389439,-0.05245461230872215,0.05,0.4774984541364298,0.0888515544532262,0.05,0.4381769813964494,0.06192019980577265,0.05
0.44433764491334493,-0.04225992625825595,0.08592018896820725,0.4042411711025931,0.03721447661172492,0.05,0.4935080678920387,-0.05136204077750613,0.05,0.5749451320358894,0.012241801980258121,0.05
0.5161452950194758,0.09920037171247587,0.07595180638935464,0.4690851102386757,-0.006866722732535108,0.05,0.44959168016193485,-0.07513076747262244,0.05,0.41118692412788294,-0.09751063317395797,0.05
0.4561597116290605,0.04182224431204004,0.08974901109418697,0.44115543699590215,-0.04466433149990001,0.05,0.42151005067566744,0.08637288025768647,0.05,0.5637683604188124,-0.05464945909706043,0.05
0.4075246958424802,-0.012307004342282643,0.05233175192096276,0.53072479422723,-0.01448632264239133,0.05,0.4881275241543121,-0.05714523413953787,0.05,0.4563964602693077,0.03807384925911378,0.05
0.5069423925042631,-0.0667757295563143,0.0683829986292042,0.40271279063897886,0.019317673212530043,0.05,0.43720246599364476,0.06942562842805358,0.05,0.5430163006114006,0.017552479748819155,0.05
0.4722838010391151,-0.09131523678366447,0.07150060115547933,0.4413964097469127,0.05275225558686267,0.05,0.5112461121520034,0.027599221818643355,0.05,0.5943863450537684,0.054933779791546206,0.05
0.5186717897698906,-0.02851242413409985,0.09823465663795082,0.44182295881014333,-0.07723185089888418,0.05,0.5912280297824766,0.07467186175416837,0.05,0.40674863123157845,0.009384910501119711,0.05
0.47132431605715985,-0.08271815205972444,0.07068297002171191,0.5155705295460783,-0.006822865944909842,0.05,0.4256544186965373,-0.04689828989389009,0.05,0.5912524598424562,0.012274083089694687,0.05
0.5948825669696423,-0.07366803486644682,0.08993619698881637,0.46829636606354075,-0.08817376810010827,0.05,0.42302518216820884,-0.02169150827938389,0.05,0.4138135688407668,-0.007041180098248653,0.05
0.5071413128853325,0.0308281618086525,0.0690914547527484,0.5141343531422714,-0.08361249919465825,0.05,0.462209492557879,0.09020885267858411,0.05,0.5583090308564411,0.039332016330780595,0.05
0.595359723942039,-0.02938600382742118,0.08023331227328273,0.46246732510556354,-0.012621888437735526,0.05,0.5984895725894648,0.07360209436638426,0.05,0.5006915568073859,0.03564323871097297,0.05
0.556938797887388,0.04059023222597424,0.08070140929175845,0.5819061375756207,-0.08368781485199633,0.05,0.5373828173847511,-0.07081555557590258,0.05,0.4077421006958509,0.0755540594815238,0.05
0.48795015577002426,-0.04593215831871045,0.09540217251413863,0.513136811594836,-0.032443044844182395,0.05,0.5642376287404455,-0.01984930738359529,0.05,0.5567703182649779,0.059422868988582206,0.05
0.48335023244288716,0.008085794055386938,0.06906786493589526,0.5741637808483495,0.04044729351472895,0.05,0.5321153694390401,0.07252837508180138,0.05,0.5717568520373058,-0.005832377345752177,0.05
0.5190740145334836,-0.053457294581692044,0.0630722579456944,0.5514348194453372,0.02595022102295605,0.05,0.5660994108150323,-0.011622558085963422,0.05,0.5260540169325993,0.04963542330235929,0.05
0.400221425262995,-0.07174739908667847,0.07253780773437393,0.48485428967217664,0.0792975039426265,0.05,0.49930107772712096,0.05412581029600605,0.05,0.40200207602086496,0.030484850591279228,0.05
0.5818476925429521,-0.08373094270815769,0.06579728349170254,0.5861477779133089,0.023028834520845184,0.05,0.5799513631536243,0.0898102177657476,0.05,0.4979770341928075,0.041196582916379676,0.05
0.48163400424180947,-0.03845961984256899,0.08911618530907214,0.5459107257582962,0.010013221554513632,0.05,0.4974941482585248,-0.0920716308423466,0.05,0.5504565195526203,0.0740794648419981,0.05
0.5936094234684057,0.02126402088466986,0.07065223561344064,0.4750386734058035,0.025173424666398908,0.05,0.4214466156375972,-0.01739689621044893,0.05,0.5306820394624714,-0.006032846984936932,0.05
0.5256794568254781,0.037190784605058785,0.0606865098454111,0.5353998266064122,-0.05108046804814677,0.05,0.5529809390608931,-0.02894406807274641,0.05,0.40099962392594274,-0.0030438678158468263,0.05
0.4708274136469347,0.03151851623400212,0.0968830006234872,0.5384816455912813,-0.02297989782397067,0.05,0.5130905397663907,-0.00528809301159934,0.05,0.5276279510084708,-0.05062821754148066,0.05
0.5162546233556765,0.025643131294791344,0.06408323335227523,0.45275460338400414,-0.09790325894771675,0.05,0.45532549654045973,0.06826273510131484,0.05,0.5611284193301385,0.054592988412395405,0.05
0.5770321608793895,0.0055060155320824505,0.09706835687251615,0.4674368406613535,0.07091882158673318,0.05,0.5636736077754215,-0.09573773044568057,0.05,0.5680821114874591,-0.08007992667593339,0.05
0.45314726146356843,-0.08943674468454695,0.08235720441651082,0.5237083864244396,0.050874985112900006,0.05,0.4576706837722301,0.05592113042626129,0.05,0.47310432720513784,-0.03851992476284334,0.05
0.42919620527165403,-0.05125001423333706,0.06198067644545888,0.423768030934618,0.07054114323423932,0.05,0.5439975709343559,-0.01397444838669952,0.05,0.4771361734203603,-0.059579991887481754,0.05
0.4182874590491914,-0.007369917742309509,0.05068758134046462,0.5367972456497263,-0.05624813000309903,0.05,0.5849552320022691,-0.01351025921927096,0.05,0.49558263095217975,-0.07644377218131025,0.05
0.5639772293393928,-0.07718237426517434,0.07025244612023729,0.42865688921443496,0.07907672065201521,0.05,0.4856906089013066,-0.0046592566209584935,0.05,0.4705085270376621,-0.012142018456770515,0.05
0.46056928556937815,0.06877219697366224,0.08949524043571794,0.4746652574730277,0.013948597702352239,0.05,0.42574441494968174,0.0934275107659766,0.05,0.4760926504031018,0.015286897842065716,0.05
0.5441570077363584,-0.06784922183689049,0.06921374850291317,0.41393043009814456,0.07070429992676897,0.05,0.438431368973642,-0.039834669955493764,0.05,0.4327257762624061,-0.06490404933368152,0.05
0.4777296012619595,-0.08990647708479765,0.0693492119045814,0.5163791582024924,0.0723699176883526,0.05,0.5490884238887603,0.01323237612141473,0.05,0.5181295278493274,-0.006518776685838307,0.05
0.44146733872724203,0.021210469287125805,0.0933936341906172,0.5857406986584348,-0.06508621829980972,0.05,0.5966060159577764,-0.008445152966406175,0.05,0.49220028515631,0.020930683426463426,0.05
0.4851010226404366,-0.02127355967715179,0.05272935224923478,0.4164878625990574,-0.014666120646276926,0.05,0.5390123172625234,-0.005841646010173188,0.05,0.4170574870917907,0.07811640097981493,0.05
0.48289498469501013,-0.004884739180342962,0.09775518323924912,0.5504729309526967,0.039323305647050194,0.05,0.4682420480810964,0.013119464630605426,0.05,0.5619377015347358,-0.03985568365013164,0.05
0.4567538627160874,-0.08272068364859207,0.06286210025228384,0.474070892594621,-0.02880161083637993,0.05,0.5226590028510444,0.09844267092864811,0.05,0.45101045780847054,-0.012903222011275695,0.05
0.4048235332305023,-0.019531537027216966,0.05057834962547278,0.5410251439354823,-0.06495829896198074,0.05,0.4642277207650303,-0.02109250890057926,0.05,0.531164689262246,-0.012812496408139334,0.05
0.4951333382190536,-0.08291615522503351,0.07152847092728194,0.5855246837236782,-0.007447726012549727,0.05,0.46240285593534525,0.05355528195800405,0.05,0.43179425294521095,0.04399198588503819,0.05
0.4371366899493543,-0.07843984620413663,0.06516453714428731,0.47441414889122935,0.03552137844973852,0.05,0.4518179291535453,0.05029471662108928,0.05,0.4693762937681807,0.04020665463745399,0.05
0.5444633542943049,-0.029631143441761584,0.050475861228844926,0.5196332020818036,-0.09863511929547111,0.05,0.5947694747469197,-0.04679347923609256,0.05,0.46081223680577516,0.02935368216786738,0.05
0.5467992312955161,-0.002155548793757095,0.077390664329052,0.5380087816604018,-0.0670087979185651,0.05,0.47301990713346376,-0.002560336139916422,0.05,0.4709907955267751,0.023855177355821683,0.05
0.4323516421255011,0.025888988490208986,0.0925735883902428,0.4649750932900707,-0.018325308236493698,0.05,0.5308895751009999,-0.096965810101444,0.05,0.445909758982064,0.07335381566108948,0.05
0.5250953017620966,0.08548103135497687,0.07033455848155101,0.4807196699155824,-0.02812586764291372,0.05,0.47289173706017007,0.06377900798690947,0.05,0.47324567711795,0.09987110223436646,0.05
0.5495592834726017,-0.08506071546308878,0.08106914930573333,0.5136208043984092,-0.05505284086114109,0.05,0.456312181273042,0.07507909746755706,0.05,0.49587206132488576,-0.08047849970890482,0.05
0.42879839836180145,-0.02877345195837848,0.05408079975060408,0.5693788941917751,-0.08339987484335908,0.05,0.5802742406176835,-0.06969109350910925,0.05,0.47454522620868417,-0.06847800625348088,0.05
0.5842565225849561,-0.037260760885221664,0.05072439906589313,0.47029970381652547,0.027007808585021442,0.05,0.532368522604921,-0.07375456594416285,0.05,0.490862761527711,-0.016782689906505305,0.05
0.5537557163906851,0.04734701879052455,0.053826374174667097,0.5214551083835554,-0.041459880939164265,0.05,0.5684293614923654,-0.03342796829910891,0.05,0.5262705897342834,-0.0740860980683396,0.05
0.5721047988275504,0.06015788374379158,0.08775258113202142,0.42866371396089037,0.04786258631870416,0.05,0.4852136093544909,0.02273396938018954,0.05,0.528566342997446,-0.06924069436299117,0.05
0.40897971288817037,0.02837415877739574,0.09581299739672101,0.438630950889503,0.09410025952077333,0.05,0.44089454118429633,-0.024148439933774288,0.05,0.4896672938149434,0.0743185086481721,0.05
0.5928789972119463,-0.010740868294809205,0.06006816146717635,0.5172219857727158,0.05362451934426318,0.05,0.5439717894166198,-0.052625773309227644,0.05,0.5972776303118974,-0.0918074139424884,0.05
0.41843528456929563,0.042106064975240554,0.08819212915366847,0.5005240976089689,0.04000958109958938,0.05,0.48589811375815184,0.04450751970047659,0.05,0.5365124894956397,-0.03155465156043265,0.05
0.4220526080644073,-0.06030341434933637,0.06631264425311248,0.567969348786901,-0.09339779925020351,0.05,0.4614994202883292,-0.005157974452622671,0.05,0.5742977624128037,-0.099535640409872,0.05
0.49978628156098076,0.047919348920831994,0.05990957103577022,0.5959045556607103,-0.029147565990074842,0.05,0.4856020643234827,-0.05062409440571665,0.05,0.4257689952736472,-0.06979547530487587,0.05
0.49244873412207407,0.06056200346408111,0.07617603065124492,0.41734523827201553,0.07408792527000468,0.05,0.4138821521926247,-0.09672817923916695,0.05,0.5843050556785824,0.018006230935854295,0.05
0.5128511957147337,0.08907902132831183,0.06352026896481741,0.41708811187582484,-0.007258646339100588,0.05,0.5572842113305589,-0.0106213717854539,0.05,0.5900667361374474,0.019636257997013212,0.05
0.4654495772714606,-0.017007554077141163,0.06625682990583531,0.5565552029699574,0.08818855593966635,0.05,0.558592263682625,0.0135141650619649,0.05,0.5561966662742583,-0.03067303290738413,0.05
0.545371671853571,0.09129683407457978,0.06452819947205878,0.4746685304887358,-0.040109225975816835,0.05,0.5972523257707623,-0.024011273765925226,0.05,0.553000837734047,-0.02006307146743562,0.05
0.5840307014251521,-0.07124498474692716,0.09176309443616786,0.5538996661031037,-0.04780125396187829,0.05,0.5491191594539485,0.07158305952115435,0.05,0.4968289917423136,0.07614129022667462,0.05
0.5017162583561633,0.008317872893989178,0.07488080187551661,0.543777832234633,-0.00896433705872142,0.05,0.5025730021716704,0.06341341386564966,0.05,0.49042978474985643,0.09728830426111479,0.05
0.5697073222113478,-0.014199529387295629,0.0792691612604503,0.4788283379654259,-0.0721126898638925,0.05,0.4111129829437487,0.09921449376455169,0.05,0.5715179900315166,-0.0676328716736819,0.05
0.48007342439349526,-0.051634615478818674,0.07595883071166554,0.5233136651961917,-0.050661858829842046,0.05,0.5505015359112639,-0.05803136456061997,0.05,0.41567512087613023,-0.011448129723999376,0.05
0.44796062692535793,0.05403097304906712,0.09755918282288743,0.4720780091411236,0.0966060344077069,0.05,0.5924291220368471,0.06979987866958684,0.05,0.5736427386596168,0.09305525962283709,0.05
0.4600601156389043,-0.03429531363073256,0.07766786678382637,0.46807637563812365,0.08986573161117836,0.05,0.529470673601444,-0.025719797381636975,0.05,0.4926853196920359,0.02661331981466078,0.05
0.5535016357837294,-0.08795799542360767,0.06975046486151866,0.43632785238461214,0.014067114141082387,0.05,0.5579901602092323,0.07653097111625143,0.05,0.45298246979673673,-0.053835686076252956,0.05
0.4326824715336948,-0.07685430652188857,0.09677317424710155,0.5453430524504216,0.042565534828733875,0.05,0.5048999498160248,-0.017790340639178018,0.05,0.5474479786190848,0.07699799544171013,0.05
0.5204128124128354,-0.0013069197830206242,0.06809686844239134,0.4488953855808189,0.09237370963961886,0.05,0.5853366945285795,-0.08328830187146691,0.05,0.5360304270028494,0.07961286346633895,0.05
0.5773503092511406,0.07442530103138278,0.07469452113887198,0.44565390142229006,0.02230995530790507,0.05,0.5803764936608681,-0.03382308775014474,0.05,0.4852370966570827,-0.02018636788930836,0.05
0.41282601119258866,-0.010218817372583483,0.05924427186466508,0.5705164751208849,-0.05521047360043727,0.05,0.5830777542103276,0.0634297281905555,0.05,0.5855253171935589,-0.03622178433208341,0.05
0.5631892339329662,0.08138171783984535,0.09954797632005166,0.5878941426245204,0.0765154596869673,0.05,0.4624670776320389,0.031110998733139883,0.05,0.5506131920665356,-0.09568742434667162,0.05
0.4052966467264096,0.009463761847734606,0.058449569139252866,0.5736768884215205,0.015837695709417912,0.05,0.48644576087041114,-0.07771723696234867,0.05,0.49847419626451056,0.011725516317669021,0.05
0.511312813387811,0.06726310456584889,0.07367835684356872,0.5337873853145598,-0.06246983243592652,0.05,0.4831748738575108,-0.014832128177661441,0.05,0.5429277124923921,-0.013808480607564205,0.05
0.4357718752632664,0.040973547201295535,0.08446064916251436,0.5820527118371981,0.09708531614273,0.05,0.47435740039097085,-0.0734997114401371,0.05,0.40258191163113466,0.08697779753963716,0.05
0.5773366772721011,-0.017539333831966597,0.06775531504355911,0.45768260395196786,-0.01846314953069869,0.05,0.40434252360829437,0.062485857950096674,0.05,0.41387118396142286,0.008784562293363857,0.05
0.5804761488140584,0.09269688509666227,0.09141207070481414,0.4321764090746917,-0.0775391496901387,0.05,0.5463046722114904,-0.09486689966889557,0.05,0.4177620357131484,0.01846101302683434,0.05
0.4190827041624466,0.05874844224260228,0.0977745148778433,0.5513115780643526,-0.01877878450786645,0.05,0.4897579687625627,0.0503231474727405,0.05,0.48948165922528497,-0.058909639360622615,0.05
0.5336786248495502,0.02406491063489595,0.06243951928264703,0.5149777176902838,-0.08487694145520226,0.05,0.48669471978233003,0.0988412306492931,0.05,0.5695191397168572,0.08491114584734094,0.05
0.49931391283420884,0.09945592428154487,0.06659314958721037,0.4738762215755783,0.03133046287032221,0.05,0.5860726482036108,-0.04297651997498442,0.05,0.418912185195591,0.014691830536349662,0.05
0.49518252768778565,0.03828699194431889,0.07616416204121632,0.5943628827055353,-0.09718882790689042,0.05,0.505673714888163,-0.030464071093222897,0.05,0.5086019294061023,-0.07167449559313643,0.05
0.42938808745060025,-0.057933102208503034,0.06940202740784233,0.548123348774066,-0.07173970806677799,0.05,0.5067688127602755,0.060983649059781125,0.05,0.5813304959482589,-0.006143858569754884,0.05
0.5481384510752909,-0.05938794601495456,0.0883791928584192,0.4156776915414089,0.0518331891224606,0.05,0.47260360320142597,-0.007986572277054682,0.05,0.5019418430871851,-0.06608502538669878,0.05
0.5334195002168366,-0.020286642887196726,0.059326626540101235,0.4251457054983346,0.04890071498100318,0.05,0.45869294180965464,-0.022962785329080623,0.05,0.47773140038655615,0.0354148010430734,0.05
0.5857380238069558,0.07599876482110507,0.06780034198371038,0.5269231280021596,-0.0213090411270193,0.05,0.5409701871282864,-0.07299785026816852,0.05,0.5333205398810135,-0.09543961773809922,0.05
0.48001395431300425,0.0705945903710293,0.06270390411211599,0.5511964462876047,0.04580256907632141,0.05,0.5669472786670422,-0.0036801909747557343,0.05,0.5591284465974924,-0.009568395150554826,0.05
0.529142385067106,-0.021159737590935965,0.08873169035006724,0.5963517484183071,-0.03218444090928663,0.05,0.4864394203868523,0.020591205923157913,0.05,0.5610039427910268,0.09460940378005431,0.05
0.48720636164396025,-0.03982967925483898,0.06967854021751776,0.5224403745658448,-0.0707376791984016,0.05,0.48884233542157834,0.047814783753801965,0.05,0.4710203523385401,0.042424561219500584,0.05
0.5963059071458322,0.025051788762226385,0.09272510841497922,0.5422497276555539,-0.004935275895066968,0.05,0.4486645453283763,0.010106545003152528,0.05,0.5882816577586578,-0.07550288365412752,0.05
0.45089965044449126,0.08374260484769211,0.07930954472233101,0.5535703078148644,-0.06237689824271007,0.05,0.4427130267298703,-0.09431255486478879,0.05,0.4005343343674326,0.06290494724132978,0.05
0.42347337982790484,0.08014939957040321,0.09945558672548005,0.5675185706349486,-0.00854264193352372,0.05,0.5084410620156471,-0.05088916832667217,0.05,0.42210277685027575,-0.03928067029523066,0.05
0.42916182201264325,-0.05372933582181725,0.0782363095836009,0.49879611905312815,-0.04200090414226357,0.05,0.5659054344826422,-0.046853006501623856,0.05,0.4787332027551597,-0.0661482781278917,0.05
0.5791174896141065,-0.06896105039783154,0.08194751847654509,0.4893757867875802,-0.03798788962701578,0.05,0.4226086971536966,0.08803449612336714,0.05,0.5347828970493079,0.09679656403350007,0.05
0.5855383510137935,0.004183801798575165,0.07134706286337243,0.5164200006728253,-0.09120801803853756,0.05,0.5599865564044073,-0.09330439021591347,0.05,0.4282363895435569,0.08316446729955093,0.05
0.4596539780604769,-0.044782496396670535,0.06022372558534814,0.5623685833161826,-0.0584430112276511,0.05,0.5323568872544835,-0.057062044050045405,0.05,0.4443151592769692,0.05693762251627185,0.05
0.4372419765649475,-0.03658346996051247,0.09179976263394457,0.41536234873368505,-0.07044676213386872,0.05,0.46959843097683135,0.04636413211080198,0.05,0.45345304487094157,0.01640957980549443,0.05
0.48043705953009685,0.004075677666101951,0.08780494473794197,0.4569146984713952,0.09383619954382971,0.05,0.4468369211047994,0.01175718552737856,0.05,0.4878193080309762,0.045915353054883895,0.05
0.4933109182086528,-0.0794549796930763,0.05491900460805585,0.42609758185981506,0.08841102039851939,0.05,0.5733021234630103,0.08489698020913394,0.05,0.4392025409149535,-0.019269845317159848,0.05
0.4205534701175397,-0.013930880903519613,0.07005499077765705,0.506730964201055,0.03700464266461481,0.05,0.47276370639685955,-0.02546874017950647,0.05,0.5708056759248489,-0.028408470106602968,0.05
0.531924034738079,0.0824210836731302,0.08226486537543971,0.4913280788183869,0.014180882006227385,0.05,0.5765669113612357,0.08596331509132007,0.05,0.5157485024807887,-0.01483070322549114,0.05
0.5757885087967277,0.014404259587408583,0.07523990453750978,0.4006890787931715,-0.028946338297228688,0.05,0.5263455505987236,0.08849317516751362,0.05,0.4989898512944678,-0.0376971329477535,0.05
0.4102756520928206,-0.04303110743960912,0.051477620637237,0.538578909918133,0.062110351212807335,0.05,0.5778449778929021,0.05492059625813994,0.05,0.47752700527232306,-0.013690384731529323,0.05
0.44926118409046023,-0.030314408116752928,0.0980090243913169,0.4392756628825978,0.03983686996864788,0.05,0.4964429424319008,-0.06893349674951572,0.05,0.5157288744468879,0.02371353471977826,0.05
0.4899147658230383,-0.0907713655677388,0.0687894018204655,0.5138379941856172,-0.01161338524051829,0.05,0.5367933897640522,0.013740675975168301,0.05,0.47465561914060256,0.08847657134615525,0.05
0.5091589241036485,0.03654544541566204,0.09920692765264884,0.5754507367003768,-0.08344668840282828,0.05,0.4848845122548415,-0.07140045070168698,0.05,0.5756225442353504,-0.07253613859225401,0.05
0.5987478450703,0.0993417708149506,0.08800686956412387,0.5964797000689908,0.016354871371667218,0.05,0.5948068343776651,-0.0768107829344076,0.05,0.5307471030365051,0.024640577577684522,0.05
0.5674606022663469,0.03636633822043303,0.05615012512765645,0.5460996163196413,-0.02167844555998147,0.05,0.42019762523918514,0.0030832897634679862,0.05,0.5958803589272481,-0.04560949810555446,0.05
0.49893988262697475,0.020276600331589706,0.0755288890513797,0.4410000928127328,-0.0334042207250672,0.05,0.5387862005668231,-0.07634326652779555,0.05,0.5448628713398906,-0.030414221894193225,0.05
0.41288856436807053,-0.032068573095548225,0.08486097833085979,0.4778639794857743,0.050545333208337595,0.05,0.5959770766339729,0.08994872804397722,0.05,0.47246569248872816,0.022499681825554202,0.05
0.506073003017582,-0.035411531123426834,0.07346440888737694,0.4192884347546731,-0.019285157531073585,0.05,0.4121178160147286,-0.010576726948185566,0.05,0.5688616346078887,0.0918399008526126,0.05
0.46309264188564697,0.005363121215331251,0.06849885805766641,0.5163095647050454,0.04256375096877932,0.05,0.47015018535594094,0.06564509611441643,0.05,0.5753321925764547,-0.05220353399381035,0.05
0.5142509663047686,0.05558488834003711,0.0686269172437385,0.49390025304705976,-0.024606793923911074,0.05,0.40169637831937854,0.07135643303921205,0.05,0.5863371583232061,0.08996314541166833,0.05
0.4544476084125863,-0.04961906705942276,0.07681771066231345,0.47218487097090167,0.016974773168175222,0.05,0.5349458580949547,-0.0510756729039735,0.05,0.5985172892045195,-0.08809537971085019,0.05
0.4931718029634797,0.013504610725910984,0.05531553462422444,0.41619186923224954,0.054993011642281514,0.05,0.5597156762886127,0.0713798434482038,0.05,0.4054073485785435,0.05628668632463138,0.05
0.5200052819674882,-0.04482464205250312,0.08594804406394671,0.41279535717497384,-0.03547935497296521,0.05,0.41013097468478427,0.026057269198062782,0.05,0.48214010053065837,-0.017455415383179185,0.05
0.47127023767054577,0.06094239587741471,0.07149214534969625,0.557400621452552,0.021620719189942933,0.05,0.4283219083881587,-0.058765919023206874,0.05,0.41996373954145266,-0.07545449289070866,0.05
0.5383600829306954,-0.026420877225223904,0.07885051391137321,0.43627602262878495,-0.056272024891690725,0.05,0.5822301768774553,-0.032408483086053,0.05,0.43906843341047597,-0.00657771595563339,0.05
0.48557004379753893,0.032946506502629924,0.07142008336346782,0.44822410219574427,-0.07041068348861626,0.05,0.40158700638781714,-0.020699132741367324,0.05,0.5388504947479156,0.01591906165385812,0.05
0.40776153090309536,0.027340135311292812,0.0551172733150651,0.5294798611667385,0.009970417612295376,0.05,0.5618476268454565,-0.06757180197066368,0.05,0.5371900020283674,0.03405929344260322,0.05
0.5036384129145692,-0.020112287008493587,0.0959164193081391,0.44951158921480233,-0.06382510345879358,0.05,0.5574012148845003,-0.08649358106278522,0.05,0.5193830116894144,-0.001854624996918991,0.05
0.41092642062433693,-0.004858101082052119,0.07777063247688233,0.42521129643595895,0.07518358396901989,0.05,0.5516802650378199,-0.05368156289915465,0.05,0.43800793801283133,0.06707006139723404,0.05
0.55799967372654,-0.02623552893173449,0.07657319911386269,0.45863210118771053,0.04722073027093687,0.05,0.4244012508644428,-0.05706491842405721,0.05,0.47547972753433637,0.06872127787983098,0.05
0.4531685430145847,-0.00794653652084168,0.052928703259845084,0.5714918478020131,0.0380587188002261,0.05,0.40576197889606413,0.010576608222769374,0.05,0.5998737562591169,0.07720354210644775,0.05
0.5013985571741185,-0.06199849049456366,0.07290247447373802,0.5450521345870726,0.07506473054230173,0.05,0.45997494975170283,0.01629380418712008,0.05,0.5977175558409297,-0.058405358346375946,0.05
0.5109315050734473,0.05949277886818846,0.0864041876483434,0.4658911797698572,-0.08318453360256511,0.05,0.5641438270643405,0.006155695866141037,0.05,0.5004724318468243,-0.07586685154815231,0.05
0.5758928176837051,-0.06906172953808964,0.06905853579351018,0.42823008840876947,-0.03206027808888019,0.05,0.48937917354124105,-0.06070850413598668,0.05,0.5653127977423689,0.020133565883123067,0.05
0.5281838684942365,0.03703217983865964,0.06918180442017785,0.5589986305003866,0.08805638030812796,0.05,0.461192015150484,0.06994013632821133,0.05,0.4359959734572336,0.03661098122228851,0.05
0.44700908174299564,0.09528545282129475,0.0675248889503234,0.5915531934185146,-0.039818749008974245,0.05,0.5891517316373904,-0.01830723509535348,0.05,0.4386603060723399,0.008813119901305913,0.05
0.5649145848526657,-0.025484225315591053,0.09987308565541546,0.5213425492153901,-0.08524373836751359,0.05,0.5588524839746213,0.04984110729323504,0.05,0.4720981253214107,0.07024457470718823,0.05
0.5154178278068354,0.08358083087978,0.059285158455332096,0.4849505268363506,-0.012435207429229767,0.05,0.42799495265695003,-0.046337970899902284,0.05,0.4116789790672955,-0.06919505464463474,0.05
0.449736489171958,0.03289706419919264,0.08892333697566429,0.5213377343061429,0.00964986229606253,0.05,0.547472471921045,-0.016967493251239335,0.05,0.5903054924657124,-0.09278804623815676,0.05
0.5210056434612416,-0.03307107736596836,0.09901610330707229,0.5181943514778599,0.041447395854115165,0.05,0.5369149557955001,-0.019751555459695133,0.05,0.4978928954135011,0.001158270405592715,0.05
0.4337550577303241,-0.02041735256972961,0.06430164959425531,0.54181434957199,-0.008808658843435374,0.05,0.43002174799230286,-0.08269778547295766,0.05,0.5833677784769316,-0.08143568489897111,0.05
0.40011567341916665,-0.0439749590424166,0.09683833169237983,0.5683578414987789,-0.04613143232453934,0.05,0.5612375391738968,0.045065255588703335,0.05,0.5698708034732031,0.043332269658970746,0.05
0.47382011795913137,0.06372703713838426,0.07721872803288782,0.5911009486719653,0.06694124581011437,0.05,0.5499002499890677,-0.030266316364868304,0.05,0.556465588573203,-0.01145736574294634,0.05
0.5949960812495336,-0.00688333993359172,0.05355954394821244,0.5100168509472905,-0.02120542466837802,0.05,0.5086296083678162,-0.0069534321347160255,0.05,0.483466367908893,0.08703644713797423,0.05
0.5995361214793444,0.08581367381734167,0.08313528092246587,0.5832905437305199,0.021288553843856667,0.05,0.4822202465336166,0.08001202896178156,0.05,0.5267152652083761,0.0787400055080299,0.05
0.42667648645175726,0.09940944174050967,0.09247647901107652,0.44118941563873354,-0.03317167715479406,0.05,0.5320732155043015,0.0687512975780083,0.05,0.5233920334166386,0.058314693696314895,0.05
0.4222639839481055,0.08003761659942385,0.05175431584036971,0.5243776137291207,-0.034592381716573375,0.05,0.4347735748713441,-0.02079774264111571,0.05,0.4815483264369883,0.029502912164461437,0.05
0.4951805632310715,-0.0211862815424555,0.0534815818840566,0.40049232464116447,0.008917564728185792,0.05,0.5501653688956586,-0.021045682084622583,0.05,0.5041120719246862,0.03412824528984726,0.05
0.5227531903818098,-0.07436318694357875,0.09746755936021842,0.5477618575794607,0.0999241340988638,0.05,0.5870911933664598,-0.035985291038336295,0.05,0.4676634951840524,0.054774349898239844,0.05
0.416669112010369,0.07037431319122375,0.07635092603270156,0.5073060936761049,0.03156492750664941,0.05,0.5262361935852828,-0.05146215191320627,0.05,0.4626318505283346,-0.03554461947856742,0.05
0.4260765006089691,0.009416368093968619,0.0565421227315474,0.5816128015863212,0.007580574001102985,0.05,0.5529695884690162,-0.05174373470033349,0.05,0.5450624006769994,-0.030431454653813694,0.05
0.40278612897566024,0.03685084908010566,0.07749990760899683,0.5200199225871192,-0.06123127382590976,0.05,0.5667821635345185,0.09235181807366608,0.05,0.42394910451529527,-0.028422387515132486,0.05
0.5924532213556193,0.0409924541470304,0.09157935784926112,0.44723113827929134,-0.04873887670337562,0.05,0.4516988292411393,-0.09235997241039738,0.05,0.428912540807306,-0.04111374248707722,0.05
0.5192731821627894,0.05407130730664078,0.09220720418059081,0.5487151158003287,-0.0381785860799851,0.05,0.5882138443473711,-0.03386234429579174,0.05,0.4560101017648628,0.07697149544410489,0.05
0.5795077583719832,-0.017215247240013595,0.09035832801819459,0.5962178017463773,0.07818621333567016,0.05,0.4229644941171764,-0.040633598112188744,0.05,0.4468790593892403,-0.07487262979774377,0.05
0.4454230985556135,-0.04844757244358509,0.05295487657139686,0.4950702050514987,-0.08555512824991354,0.05,0.5225720362459373,0.07118567903793266,0.05,0.49852772821250185,0.046266026302168056,0.05
0.4526207182042546,-0.08876781763604957,0.08751356889055695,0.5303123309050748,0.0876152479579708,0.05,0.4827716575604527,0.023007373772364434,0.05,0.5850363946283716,0.05614099081089802,0.05
0.5081819849061273,-0.07143258029922023,0.08164109730965576,0.5815267903844289,0.05142348519830106,0.05,0.5476172473380848,0.004917480953906164,0.05,0.5949778796778857,-0.049787349014464716,0.05
0.42137039268232285,-0.09818878080651211,0.07353305754926537,0.5797023425836254,0.05007533767619374,0.05,0.5339808241365778,0.02755522985644479,0.05,0.5115165738064249,0.08863073282807862,0.05
0.4032316832803194,0.02779927760468162,0.050516472900285485,0.5219612694990822,-0.088371949227065,0.05,0.519724481141354,0.05770333852596013,0.05,0.5177132146519403,-0.09390861550324679,0.05
0.5563228195130868,0.08962526094646522,0.060099770334000754,0.41463356023846965,0.04114111904408388,0.05,0.4595835905602097,-0.04889314214442966,0.05,0.5862741618997988,-0.0769765881835862,0.05
0.5228746969763941,-0.07109626546473856,0.0824635112184811,0.4493461122247058,0.005931292953038653,0.05,0.4657299006337477,0.07182877435049448,0.05,0.4501101391753635,-0.0436854345066958,0.05
0.5287200470821763,0.03278818561591726,0.07152836509952366,0.45940145127424287,-0.041694956003302086,0.05,0.5884483012328892,0.019316375053336277,0.05,0.4525191021786583,-0.04655885447498494,0.05
0.48330457125202825,-0.03584109844853363,0.09038509612437318,0.4496895114137055,-0.05841913582798415,0.05,0.5233058227313241,0.0499764165019681,0.05,0.5596526622951858,-0.07584128452271002,0.05
0.5943470247360758,-0.06789803729386218,0.05954281996676714,0.5266846964065539,0.04617356144091572,0.05,0.5058724974441235,-0.0255759732515857,0.05,0.4683374312547719,-0.004351656908884546,0.05
0.4085860952493858,0.048792353643669795,0.07155271272152462,0.4907853899310432,0.0778735363796817,0.05,0.5345534999034423,-0.014019993842701958,0.05,0.4003309264788989,0.0017859524329125465,0.05
0.4268000618717156,-0.03642888243482752,0.08605595082401626,0.4601444514494615,-0.056156347665179185,0.05,0.4037273766067039,-0.08442693463092843,0.05,0.4362820043571489,-0.07437829870486226,0.05
0.4854577235612958,0.03993769915509132,0.05038637758573139,0.5469835508907588,-0.09535991304806497,0.05,0.5753529861573558,0.02953178205045298,0.05,0.44931485305555113,-0.04848176009672787,0.05
0.4378669985949152,-0.07369234822750247,0.09166669956970247,0.5821595181934603,-0.09988720930878979,0.05,0.544226895900492,-0.034898827361844006,0.05,0.5622143110996094,0.05156569960506727,0.05
0.517315209787965,0.06488990242165188,0.09220875347657945,0.5363032297521486,-0.07267087402106356,0.05,0.5668985472704392,-0.036384548249185605,0.05,0.41185577361864717,0.056082715877110806,0.05
0.4650678013907379,-0.034820324778390185,0.050601873453015304,0.569298184591515,-0.03455825975599634,0.05,0.4514864004790355,0.01877901379975906,0.05,0.5264791376338542,-0.06107204775806037,0.05
0.4927612389948754,-0.015916124162883766,0.061490632010075555,0.4807683347265208,0.08162584191913455,0.05,0.5568497417779811,-0.08420359619449228,0.05,0.49862102423956584,0.07501341340882459,0.05
0.5737948198412097,-0.004799439435432637,0.0811312882579646,0.5093300058766694,0.07017243739853504,0.05,0.52771985381208,0.05318531076985342,0.05,0.5328576100185001,0.04600165790619848,0.05
0.45414005406355057,-0.03891281475673878,0.0718596745415587,0.5963073753670939,0.04642559095717286,0.05,0.5645269848533591,0.018445117796947907,0.05,0.5000021404201034,-0.07380524633093799,0.05
0.508406444208705,-0.041693379259506405,0.08350873988315559,0.5400955003755717,0.05558981514985892,0.05,0.5320759703067631,0.09580361947727223,0.05,0.4672863432543127,0.0882959910580724,0.05
0.4323963458555726,-0.046682352517428916,0.06717124131752494,0.5092231837216908,-0.09796926624137343,0.05,0.5059383609134082,-0.06682146003187006,0.05,0.5037408738850511,-0.0737362687757371,0.05
0.42026136265970787,0.02295732562363098,0.08105310904317159,0.4695885720383025,0.06938684504878742,0.05,0.467859407781672,-0.009376177363840263,0.05,0.5622061334774809,0.08130951062534361,0.05
0.43323532912958834,0.006525659784141033,0.08545849493862553,0.4118794876191674,0.04998186043096883,0.05,0.5045340420544503,-0.021569138241095964,0.05,0.5067667554217141,0.07432187964946874,0.05
0.4006203453194449,0.06364393205648433,0.09093284823068544,0.485464733627975,-0.03217034028821052,0.05,0.4814109740388869,-0.03714706883342467,0.05,0.5192216798824928,-0.05303054037820394,0.05
0.4374267389986512,0.047133030398221976,0.05134546652387556,0.54679818433198,-0.05172062206421844,0.05,0.5671646174965299,0.09400774960811747,0.05,0.5468983298549217,-0.05239914630717571,0.05
0.5587038168310641,0.0009085523230200898,0.08723951842415714,0.5444983639381733,-0.03038030181887852,0.05,0.47327288440808224,0.029912481669257446,0.05,0.45675584928363183,-0.0508813372253695,0.05
0.4344004336820412,0.07426065943660895,0.06865831674899923,0.525585618502278,-0.09239059892615874,0.05,0.5472749446043972,-0.08789912745751259,0.05,0.5979139518348088,0.07811792387124658,0.05
0.5854996328308105,0.03628069108777346,0.0657159197424548,0.41969858096921364,0.09555146378969995,0.05,0.41276770469359375,0.08695565722322654,0.05,0.49603591652562923,-0.04668500030546503,0.05
0.5094133654451717,-0.05605644570854205,0.06678660432295444,0.43034782714889763,0.05338305323696649,0.05,0.45685721703554555,-0.09030664910781444,0.05,0.5877244589964095,-0.012244259179929246,0.05
0.5459550971682907,-0.051171112698654736,0.0633850472256228,0.420230231876403,0.08112253341108638,0.05,0.5653583008707235,0.018427762153244848,0.05,0.502025871515734,0.09662379388457934,0.05
0.5802191801149312,-0.028594751485642014,0.06622834269169366,0.45332553630459593,-0.04211968346543937,0.05,0.4845568206620182,-0.03520383781361154,0.05,0.44961098993495496,0.03675803943583117,0.05
0.5085028665453122,0.07270707672820442,0.09698767356863586,0.5399949880549191,0.04870964790814142,0.05,0.5827156637249878,0.07430928343890203,0.05,0.4895008804823202,-0.048622980656448545,0.05
0.465930078361523,-0.05189748113383241,0.05619366840535868,0.4311445892335062,-0.09606477406676317,0.05,0.4145052638853438,0.0012701159629429082,0.05,0.4440143806135862,0.033834062516159,0.05
0.5526455795866957,-0.0010568917762744101,0.07873409884013012,0.4904414464100247,0.06622036205311088,0.05,0.5816672323031482,-0.09731512604772506,0.05,0.45663043102851736,0.03667878914069864,0.05
0.43428193273339866,-0.028083071597583123,0.09948983701262064,0.46634505770835677,0.015226402826665902,0.05,0.5589488206946374,-0.09376820669390043,0.05,0.49280931235805564,-0.04341204024621519,0.05
0.4974594469048501,0.033927293059252184,0.06267393972830557,0.5365913043522863,0.06367455041264089,0.05,0.45484318683461367,-0.037667701408481614,0.05,0.5591162293535357,0.09554964109478781,0.05
0.4361861223654676,0.08667346679925844,0.0679816528541837,0.5698212194057439,0.09499417208151062,0.05,0.4041376055502416,0.013052183678514656,0.05,0.40296585061845375,-0.003905123016994083,0.05
0.5116724400914677,-0.03885249454872324,0.08504662749417355,0.5762269623358247,-0.0942805491490038,0.05,0.592673175481554,-0.08299802204364237,0.05,0.5621175149341555,-0.05944977314699782,0.05
0.5349671698537619,0.02478341252377321,0.06609944168409054,0.44679741780937515,-0.021135572307080103,0.05,0.5444400785019836,-0.05841862944568093,0.05,0.4053481425603955,0.014200363316138095,0.05
0.5340976041633123,0.08493233187157073,0.07315910878420064,0.46361931310742593,0.09075581817397171,0.05,0.5577637785950618,-0.017604812426491506,0.05,0.42103296181428385,-0.08698107911287745,0.05
0.42039652003199846,-0.028109431952631964,0.056361354174459345,0.4343672213146995,0.04354233389022005,0.05,0.5799750908748337,-0.03029266291174966,0.05,0.5931412152074014,-0.006596974386264304,0.05
0.4572787447575832,-0.042117011888795755,0.08873283808214358,0.43967548646863186,0.08121733695387304,0.05,0.5517580188717767,0.02540058928864869,0.05,0.4175151981126066,0.02166294788359771,0.05
0.4435147366028348,0.02176996059456353,0.07443363436364786,0.5930168060929856,-0.032748046431608155,0.05,0.5765533370167353,-0.05746029776529349,0.05,0.5277329713876205,-0.09712100510367622,0.05
0.49997671803268007,-0.07525010225354539,0.052938410782725015,0.48548876812348574,0.010831954797496518,0.05,0.5578773226745245,-0.06829442454609577,0.05,0.41721392727752316,0.013787281158998604,0.05
0.4478891655038905,0.0588615168515246,0.09478307316602039,0.5474412059424029,0.0568429773915137,0.05,0.5851080508026069,-0.0969778531115489,0.05,0.5704039264741815,0.05565412197569497,0.05
0.4669026358186971,0.061637912959048885,0.05410950057348514,0.5456237748250943,-0.0888298798004274,0.05,0.5384522492376321,-0.08617270052008197,0.05,0.4962977531036749,0.007331160769038239,0.05
0.4914650535224001,-0.09317143006414985,0.0978915443528081,0.5632847295429263,-0.0381523696453751,0.05,0.45133554712790186,0.02385518368326936,0.05,0.4864925849029226,0.04313682793213286,0.05
0.592586883203988,-0.04833191001688029,0.059685429575345984,0.43848195877395346,-0.02680561467487018,0.05,0.5201162922090838,0.09840796239269778,0.05,0.4122566347516703,-0.07300608283978097,0.05
0.43238425406897574,0.08740191132794378,0.07590193090295852,0.4198194841696443,0.026429018089449613,0.05,0.4338829989130956,-0.039924995307759885,0.05,0.5881075594011245,-0.0647639263576631,0.05
0.5986062300914263,-0.08360813991194123,0.09148315578449581,0.5167181292430381,-0.0896274647459185,0.05,0.43155708706694407,-0.03901387072317067,0.05,0.5254540546991714,-0.08901597051399633,0.05
0.41238839380703374,0.04133147916727431,0.0809619110175118,0.48008659821807687,-0.06780296869844399,0.05,0.4518267852751384,0.0068282379198637555,0.05,0.48477349690143434,-0.0984992633406308,0.05
0.4673576785602359,0.03823585215181716,0.05906826545727331,0.4600007329693262,-0.04472292209018245,0.05,0.5319868544708155,-0.08319907904020084,0.05,0.5747373397910067,-0.09987202223808762,0.05
0.43900642899480297,-0.09476137650048849,0.09100166961568863,0.5532467926326667,0.08807493442024858,0.05,0.5992256498205912,-0.002424537088918849,0.05,0.4842598296662518,0.036790072763879966,0.05
0.5274457029871449,0.08605783921931753,0.06459360551489338,0.5793421034627337,0.08463870282971048,0.05,0.5684466032278448,-0.07363825505930506,0.05,0.5011879284230157,0.034140357653011655,0.05
0.4929729219542348,-0.002510715070975042,0.07553131305366578,0.41648087348305385,-0.026144719791826754,0.05,0.4406628323177518,0.009602653568669878,0.05,0.5528139365879319,0.07775194119264087,0.05
0.5461102181582664,-0.049254767328977,0.09969461792133422,0.49782602508440904,0.056514288141986085,0.05,0.5101483057832235,-0.07774099269799742,0.05,0.5494167693504355,-0.08326973568147043,0.05
0.5898085033061018,0.0548944095570085,0.07686202149788823,0.4808323566444083,-0.01225546700682914,0.05,0.5459556093842896,-0.05318448173881201,0.05,0.5199753127832676,-0.029615899758896586,0.05
0.5524768806422546,0.013951832845554596,0.07566851376123679,0.524109122038698,-0.0514609699142343,0.05,0.4769469625160958,-0.049157563307984424,0.05,0.5805213628513959,-0.026296621360699393,0.05
0.4535186545181866,0.03600209326340073,0.0864469895005752,0.48105035804965934,-0.00666180478374831,0.05,0.5821725063054128,0.010088064937734731,0.05,0.4515534271207956,-0.09891535825545553,0.05
0.4774036847384046,-0.06689275461906177,0.06758837884420647,0.5088978484692607,-0.030227292462264563,0.05,0.4812998431789738,0.03596018075938398,0.05,0.5720259496873037,0.08198416242151388,0.05
0.4756522075890395,-0.09374847446009145,0.06169779455121946,0.570086796653648,-0.07299292196571694,0.05,0.5366894539804861,0.050791517711231554,0.05,0.443672053409088,0.008886162724052044,0.05
0.43978815060565546,0.02984986445709409,0.05915365404542507,0.49154188553849776,-0.008852201966626436,0.05,0.49121594954149767,-0.09280697900093005,0.05,0.5769201897898592,0.019503241223912185,0.05
0.4651859953537346,-0.029527604329825416,0.0941141039088273,0.5452041814392635,0.09840372743041784,0.05,0.4330635326870444,0.052073882887655465,0.05,0.5447443716569963,-0.033396781421506136,0.05
0.4560058536919699,0.06833252539545898,0.06555760496057894,0.43251781724465893,-0.06843898689646,0.05,0.4154194760400023,0.008405118574251344,0.05,0.4908352027606939,0.03482445269067777,0.05
0.4570237127551658,-0.035666970572770795,0.05833422473524072,0.40295042830607125,-0.0638247531415772,0.05,0.551785146383482,0.04073394305307432,0.05,0.5502011854202822,-0.0904132789690465,0.05
0.509212348782559,0.00024583970632389984,0.058321123085061294,0.49547921884967516,0.05544016269013399,0.05,0.4276752542935707,-0.08051100899370374,0.05,0.5446509608255494,-0.0850854503709966,0.05
0.5251072183783535,0.022963669841599296,0.09997642563464455,0.4329397959471267,-0.08977911056993959,0.05,0.41621978546756655,-0.061294322218334286,0.05,0.5358732125249807,0.006413115531456182,0.05
0.5965344985849695,-0.04206271502227073,0.09052499179924843,0.5196382503734668,-0.019730644626712743,0.05,0.5603901637418799,0.03639581295114258,0.05,0.4958925987694334,-0.05240664458214142,0.05
0.5277270567800917,-0.03596283910769245,0.07159361919082555,0.599992179362013,-0.09042780480344968,0.05,0.4260292267956996,-0.011719166672283537,0.05,0.5775985359340349,-0.021786948192092856,0.05
0.45035423414542697,0.007139849234594917,0.06475623985572758,0.5906722777936326,0.04358021532079362,0.05,0.4021783105305546,-0.015456072095791779,0.05,0.5635242609535618,0.03083542272545345,0.05
0.5898851047037575,0.05352698351499349,0.09983311818256872,0.5500254952568606,-0.03963245539874556,0.05,0.4558731307039322,-0.024821990967315327,0.05,0.577309755316353,0.09740944053383527,0.05
0.4987789251308091,0.07483365440355352,0.0872365188985845,0.4867240620722888,-0.0945975560443721,0.05,0.505139702518495,0.0032806791334042684,0.05,0.44367209329473645,-0.03046288206787673,0.05
0.5083082423218452,-0.010102411426036823,0.0869091772595013,0.563403085591037,-0.04296073148995814,0.05,0.5854873381143425,-0.02830626461039165,0.05,0.4640210311542884,0.06173597366590064,0.05
0.5289079072770226,-0.02937439467261478,0.06685706636726833,0.4172636482501413,-0.05737875702863467,0.05,0.5588488084385629,0.018987146270754637,0.05,0.49068266747001604,0.05406316012906767,0.05
0.5826868170164594,-0.020774152478898064,0.08473915990159514,0.4942739332494121,0.07859391562472678,0.05,0.47481467216434836,-0.015449778326374258,0.05,0.5980137730405525,0.06390186471076023,0.05
0.5346737675844002,0.0979927072503056,0.07660500341398281,0.47445936904966346,-0.04493590318427818,0.05,0.5011077878845043,0.06220031377061594,0.05,0.440932513342799,-3.418811551550438e-05,0.05
0.5435409734789771,0.09722913990340418,0.09285804715745893,0.5202535356129943,-0.07142661812457195,0.05,0.41150784277497227,0.021672397306141608,0.05,0.4793507824529213,0.03541662965728112,0.05
0.5403790778558143,0.02998795780647895,0.06594789806294918,0.4967420245321532,-0.09065781207164669,0.05,0.4482567632489402,-0.053675117570910064,0.05,0.43882361485750065,0.0021704047934431314,0.05
0.519999685057969,-0.07316780798878186,0.08001935464029047,0.4423249367696489,-0.07235030978674316,0.05,0.40613299680591775,0.06113344674037968,0.05,0.42100065064955444,0.05837484261017162,0.05
0.5872816791983457,-0.03349214779378255,0.06582359491047113,0.5031216084917269,-0.0193276286454563,0.05,0.5292888742698263,0.033033801576766636,0.05,0.400781917923589,0.015261171872505724,0.05
0.5881371260594798,-0.060401058337074744,0.09927100499674704,0.40392143713821876,0.005248448675573766,0.05,0.43445905812857416,-0.051191884027822446,0.05,0.5290519797100024,0.030153215189027083,0.05
0.49721049778431653,-0.06195940911167741,0.06473429018726473,0.430435016898122,-0.07416963672673547,0.05,0.42574244864530125,0.0002798048339274911,0.05,0.5313435394634537,-0.02454114530277529,0.05
0.5732155819901723,0.029825298263545907,0.06197681209626211,0.44812868576321413,-0.03808031450470593,0.05,0.45544637829836637,-0.012236897075172351,0.05,0.4003536095473715,-0.08612385352042094,0.05
0.5099284215673336,0.056409153053952554,0.08790324292975683,0.4687444137473859,-0.008625885093208052,0.05,0.5329630815904172,-0.011969740877972312,0.05,0.5613043010993084,0.004276573024742963,0.05
0.4124520593796265,0.020634436808358927,0.06748798891825364,0.5045415720294553,0.09835001048699374,0.05,0.5953741772650044,-0.02524025204236964,0.05,0.5676328351771327,-0.042264815240184044,0.05
0.5559086371620534,0.005712818314452833,0.09809734706042121,0.4378517180366555,-0.017827993917768653,0.05,0.44854354599382606,0.07607295838958175,0.05,0.5089495385983306,0.09486069119697818,0.05
0.5237150311483569,-0.057720209313782744,0.0713057131924415,0.5486066452525087,-0.09709712997901143,0.05,0.44223689228316093,0.00810436735196847,0.05,0.5985593944377421,0.05489881213610773,0.05
0.5563456903021343,0.0685782474058877,0.08467535786013525,0.5478412943878547,0.012681846275858624,0.05,0.4206224898298091,-0.05055350748948289,0.05,0.5119429866246659,-0.05406946095123777,0.05
0.40602193631251315,0.009585148375759411,0.08940362018073178,0.4829069552939527,0.057296403006291435,0.05,0.5183786757901897,-0.05143830424658191,0.05,0.5030132266133688,0.08952569944013208,0.05
0.5750109680686815,0.04809580532957339,0.08617111595874706,0.4725051486825561,-0.09399165578690963,0.05,0.504523972073304,0.03382472300274583,0.05,0.4377275282414292,-0.047469943094498014,0.05
0.4615430428751923,0.04209296485282396,0.08635471755350543,0.5649004499471727,-0.009605884559105979,0.05,0.4486774105497946,0.08744874259682775,0.05,0.5603230316338745,-0.05314032715039947,0.05
0.4320210805931997,0.04137168531228261,0.056786724388933806,0.4854124036966481,-0.028499738830019106,0.05,0.5595967027160289,-0.05494371851935645,0.05,0.5409083120326033,0.07158611010917643,0.05
0.49390660864233343,-0.0831491193260911,0.050952594061587406,0.45026729509029223,0.011267567860090089,0.05,0.44955646989531267,0.020272477608012165,0.05,0.5818151853330227,0.06439755966676011,0.05
0.403346073915743,0.010629857406387486,0.05922233875742556,0.5166300461245477,0.0989958247381216,0.05,0.5172184529296623,0.013790899501635742,0.05,0.4865925212521324,-0.01748336220824971,0.05
0.5815266525260429,-0.06222681073981254,0.08350476411296835,0.41751896343161576,-0.01781887806210028,0.05,0.5501756784457972,-0.0951770256449801,0.05,0.5578134046571352,0.04994679608539815,0.05
0.4353629541541092,0.01918167640397568,0.06356005749166867,0.5021300409559916,0.0010486075076067969,0.05,0.5886485513367246,0.07625823120703326,0.05,0.4354189354348244,0.07971048736726574,0.05
0.4414734570731482,0.02399908839338008,0.08240730723441467,0.5492255346377288,-0.05430546849873857,0.05,0.5763439537080858,0.09924771700859406,0.05,0.5609739932666014,-0.027753218357225246,0.05
0.532885299261822,-0.016145623159863426,0.051422552407607715,0.40661723387487314,0.045606671481071726,0.05,0.46356030842360596,-0.08644033374314715,0.05,0.5619994945492057,0.08654651807509264,0.05
0.4951473090095638,0.04780662888396098,0.056013621306711336,0.4285263503194001,0.05357371604533115,0.05,0.5848801339342569,1.0468780278688472e-05,0.05,0.4076687721760206,0.015626159284808816,0.05
0.5339156720318501,0.02575300680906989,0.07006143382422113,0.4210972144992847,0.012789093759978318,0.05,0.5323721369019948,-0.07575746699402149,0.05,0.5339947303281809,-0.08097245328647668,0.05
0.5747543856073073,0.02436489067471352,0.07732092047951099,0.5302770602781983,0.02148028465894347,0.05,0.5168441775654654,-0.008248684382751906,0.05,0.5178743272636717,0.054252375669451486,0.05
0.5547571210272728,-0.08167540738184904,0.07798515787385288,0.5303161715068399,-0.014340165717442052,0.05,0.5830059062721694,0.049947768597791764,0.05,0.5590526091215043,0.053684234313354784,0.05
0.42746708324934957,-0.08749040999406875,0.05205828311788122,0.5837172442917036,0.0741916967660925,0.05,0.5523260105889943,-0.051611988611234796,0.05,0.5665947054364762,0.007117307794886035,0.05
0.5018096159667589,0.0534017238716005,0.06980075372622027,0.5833294407522676,0.046140479524394096,0.05,0.5538941036196434,-0.09885335624073494,0.05,0.5664828094162179,-0.003863656989841549,0.05
0.5915428781992434,0.05774255458488789,0.09476243834788636,0.5238056239318774,-0.04540092932214488,0.05,0.48425191671940426,-0.051176038578536566,0.05,0.4660557379405055,0.01839165481838434,0.05
0.4362901742131433,0.017675097956601382,0.0997229218597141,0.40712201088877065,-0.013244460465353353,0.05,0.5030078269358985,0.030841580277017056,0.05,0.4095539212163699,-0.08386299172337651,0.05
0.5435047504247961,-0.02254909183498463,0.0940142286265295,0.498175587542123,0.0800286585979686,0.05,0.5850300198872073,-0.034888520759740874,0.05,0.5817993972203278,0.08373609522128497,0.05
0.5473317089122343,-0.0862275492850903,0.08840144669335082,0.4342087021563068,0.008753162768172021,0.05,0.47874336977672777,0.02771078452755621,0.05,0.558403032983596,-0.020565689548725702,0.05
0.5375559863007761,-0.07253390108170932,0.0634904618255368,0.5952065841487952,-0.09384088672129408,0.05,0.5979573523438474,-0.08838060124271417,0.05,0.42962564734786474,0.08797328762757592,0.05
0.5626299070051402,0.010834919453390365,0.06168174447795278,0.421717069841892,-0.032988535832328414,0.05,0.5050462664885076,-0.026306773092939634,0.05,0.5929078975226354,-0.08951403393740634,0.05
0.5304062788554625,0.02284258164421546,0.06856895182050163,0.5912914741985493,-0.05986884942004061,0.05,0.412728106075629,0.07089482267636701,0.05,0.44546876866235313,-0.003010717854622591,0.05
0.5994195764713911,-0.08339145777845554,0.06106011799638218,0.5218638478090972,0.07928383219311277,0.05,0.5336145591764885,-0.09599907898695006,0.05,0.4396759386258637,0.02197251037920163,0.05
0.4282768573654902,0.0650335769401281,0.08491599927133256,0.4775156937016307,-0.06651752395204374,0.05,0.5684448208808551,0.08862996194728662,0.05,0.41910351885195735,0.0298363586377611,0.05
0.42438629678591494,0.08960172416952569,0.061622319412848243,0.5030406835405005,-0.013269962705342864,0.05,0.473451098427351,-0.03383352524231023,0.05,0.4827067802925117,-0.0365805352714693,0.05
0.5829847014338392,0.04048558665278598,0.09996668519247433,0.5014119099302593,-0.07673241134711789,0.05,0.5401528241003858,-0.04061760748281262,0.05,0.40400332990844434,0.039725777048198435,0.05
0.4344284042056792,-0.020327808943141526,0.09248424424979598,0.47903329825479324,0.030638357793802168,0.05,0.4962807722113166,-0.02761523266211255,0.05,0.5007417889433481,-9.574167342543682e-05,0.05
0.472763855255941,-0.054509603859720125,0.06814313643963586,0.4192521843836151,-0.049651409287061625,0.05,0.566797062014345,0.09424172715262202,0.05,0.4016488996996367,-0.05942068642305645,0.05
0.4358645592347842,0.0012169691943261646,0.07813604941708746,0.4311827258024944,0.0674841437651055,0.05,0.5887902150433538,-0.0996002958023372,0.05,0.46597270775856126,0.05690301330732772,0.05
0.5491541096731295,-0.03454642026402639,0.08881810487172129,0.4773958532358183,-0.0499050594182749,0.05,0.43586842154062366,-0.006091296484992181,0.05,0.5528910098367643,0.016640312591057443,0.05
0.4643831028072905,0.09242356769658669,0.08621157417337333,0.48996612119789285,-0.03204794327598004,0.05,0.41165400817789954,-0.0237438861305235,0.05,0.5943378782645692,-0.04712233344717962,0.05
0.46868510325960167,-0.03690390360966833,0.07278221163949167,0.44471892264206025,0.00603607576070031,0.05,0.4707755624845791,0.04720698585596314,0.05,0.5356402684244077,-0.056474872770982246,0.05
0.524588258414264,0.061025963264918354,0.08614171177781527,0.5894229862638174,-0.08914490780034053,0.05,0.5352791224864346,-0.05610981851838246,0.05,0.5175566142005958,-0.08138187107983358,0.05
0.4412933455437328,-0.06959512162235133,0.07525451227708262,0.4887448386427521,0.08014733589983788,0.05,0.5208507355948737,-0.044246288081890996,0.05,0.5042836647890042,-0.013291604240920837,0.05
0.49019599476480835,0.08671461606628875,0.08745284981441485,0.5823526124460054,-0.0886004095286114,0.05,0.5608013572202302,-0.06036681161713895,0.05,0.5308616659056484,0.006424210227514979,0.05
0.5087922232538681,-0.02957167114288524,0.06067110851684881,0.5486665467268497,0.04228678963585214,0.05,0.5244010817724183,0.026080760608918008,0.05,0.5713713137380465,-0.07046094468949077,0.05
0.4322620769316415,0.008631187069458493,0.06616283288546218,0.5752184739404618,-0.06284497219158916,0.05,0.5877146146910335,0.056042966140593314,0.05,0.485464265109654,0.05315309574731045,0.05
0.49304371356883664,-0.07721387808131991,0.05602276125698139,0.5323862053884585,0.07814566429966674,0.05,0.494234800239138,0.010143147473653719,0.05,0.5095090575257996,0.08712397362932048,0.05
0.5968037166122366,0.05681255963147222,0.08637150201502097,0.4400957970105116,-0.05202662395012006,0.05,0.46461254106707317,-0.0056972356772006655,0.05,0.47842945214347155,-0.03253430736668282,0.05
0.47433069451288135,-0.04773525096142013,0.06645561702646577,0.4151714053376451,0.07969189535366922,0.05,0.5698522776163685,-0.028050810391899536,0.05,0.46855105745139547,0.09797387242175301,0.05
0.566702379837547,-0.059038322086939446,0.0976858571028992,0.4103271565203577,-0.05099086909919002,0.05,0.5508741693273551,-0.004766273412135494,0.05,0.48427105815841054,-0.0493372716681046,0.05
0.5789146936668229,0.01240931709191015,0.0594984399288209,0.4873272320807901,0.04025922474026697,0.05,0.4838632197816269,-0.014074224672029262,0.05,0.5537281231188899,0.08302438312678159,0.05
0.5707115852073477,0.0381043771414849,0.07881953189819318,0.5731470033072021,-0.026249274290925717,0.05,0.5195984481637377,0.032887602091669604,0.05,0.4480448460513016,0.017724125657034934,0.05
0.4750848099806939,0.0622062495787766,0.07174385112309863,0.5298926753000267,-0.08465378174117327,0.05,0.49711842408434126,-0.020845912942962938,0.05,0.4528918707159951,-0.07344716842429339,0.05
0.4624793827994056,-0.09069456813002053,0.0765492546717733,0.55244712402303,0.021866771024491388,0.05,0.4113563481075437,-0.09443918432295173,0.05,0.47255965423481233,-0.003679480888938283,0.05
0.5739021608127106,0.011396483354668294,0.09739936865085243,0.5790414146200882,-0.017122826452841605,0.05,0.543297446830042,-0.09471172469617423,0.05,0.41181996462116366,0.0021328365715710396,0.05
0.4620696495078629,-0.037136161158968894,0.06090643270251651,0.5508667333427772,-0.09094176374346288,0.05,0.4914709283644475,0.08411636675279921,0.05,0.5997452291848655,-0.01749196771125905,0.05
0.4749101972561285,-0.03473548952049779,0.078673729291976,0.5966381958608507,-0.07730647744472884,0.05,0.43495149917498965,-0.06214369183676727,0.05,0.5190065853066994,0.08473746856564687,0.05
0.5598926044732098,-0.04768071183225489,0.051631492654153,0.49544596891944376,0.09330352363175615,0.05,0.45057723323340143,0.0489342184658918,0.05,0.45344457986556325,0.013249964223250532,0.05
0.5141730046250732,-0.05558590971352975,0.07704949447137031,0.44996002098305365,-0.020369131453718214,0.05,0.44150679492004197,-0.0897653023487967,0.05,0.4269937049551221,-0.054707464478606395,0.05
0.4695391242851272,-0.005285334105746012,0.06496335673229982,0.5752270617364681,-0.030603840710950306,0.05,0.5278365156746004,-0.06203790819008697,0.05,0.5783934286075614,-0.08777306211248417,0.05
0.4045281786433717,-0.03150351832091369,0.08689772021805647,0.5871521631596632,0.06963682847860242,0.05,0.523783185367201,0.08590652183932815,0.05,0.5827927587156946,0.04114012203091824,0.05
0.49490172374362923,0.08724209223168314,0.05052199039335203,0.4391787377651636,-0.08025586886599057,0.05,0.4198626059695094,0.0431947314406283,0.05,0.4151333085835033,-0.08784053311676117,0.05
0.4196047522717826,0.0684531670552797,0.09578455540391158,0.43275718302941735,-0.06777364787263214,0.05,0.4521663952834781,-0.0013299620296364223,0.05,0.5125623852458971,0.05520282191576434,0.05
0.5394623319490593,-0.059971399497454336,0.05720944974576737,0.5601938938170306,0.015042925195980411,0.05,0.43194464421660705,0.09230517185693693,0.05,0.561400185096415,0.011342766576401736,0.05
0.4356980226177034,-0.0008178415283419671,0.056266522490508515,0.43076123392800636,-0.07564294894452744,0.05,0.5090097242750462,0.020269364408271914,0.05,0.5269355828476069,-0.040139061380890365,0.05
0.5074421274944386,0.05942782471110844,0.08615646268051466,0.4800865951492733,-0.03890965796238082,0.05,0.4595912988100131,-0.07247780661640518,0.05,0.4474208064416512,-0.04709879995736066,0.05
0.574578766422301,-0.007725601968341003,0.05295169557557258,0.46044857413733586,0.08851165737845146,0.05,0.5030620091531427,0.05978496186726817,0.05,0.5257080270523482,-0.030599203204071043,0.05
0.47472020385765673,0.06003788043849709,0.056592619992838065,0.4391981348066258,-0.07567182961757918,0.05,0.407143003760596,-0.01239068713550913,0.05,0.5632672108486145,-0.0404029979827157,0.05
0.4400235507452174,0.060302122634647376,0.08031827910434237,0.5573459398262819,0.061670958869806086,0.05,0.5401427984910425,-0.00396965173925283,0.05,0.429532590699898,-0.03141847331010231,0.05
0.5352173667815767,0.07577536047060959,0.09298227586625153,0.5890714373371639,-0.0337936867781921,0.05,0.4597930924955972,-0.0202441829075011,0.05,0.46627891318632464,0.0418238930638401,0.05
0.5834044003002535,0.06622417086402693,0.08132660666700398,0.49542038455681214,-0.031018625205123815,0.05,0.5275337892186283,-0.04918630437813605,0.05,0.4184122650327693,0.07204915330682715,0.05
0.558357408732908,0.048917379762863894,0.0556187770886541,0.4092050496564552,-0.052856748526600855,0.05,0.4353506391260274,0.03933376934783944,0.05,0.40110947988012025,0.07812182125040018,0.05
0.4435961597163796,-0.08206105398788908,0.08672290682936082,0.5735516209993619,-0.06165379879882589,0.05,0.5818576025018891,0.035348194308763486,0.05,0.5126468474259822,0.030337679265622114,0.05
0.5934356484583689,-0.030678632355024993,0.09837979736567443,0.44548918582628866,0.08828311561623697,0.05,0.42039208220622604,-0.007668799999321865,0.05,0.5811220139459895,-0.06471020409551231,0.05
0.4646303111527209,-0.09820292085733245,0.09869017934000925,0.4384183047850105,-0.0648951150482136,0.05,0.5782371105502575,-0.019668699390159403,0.05,0.49575205188337274,-0.07282939827496615,0.05
0.5526265769242277,0.0758815658664263,0.07083100162031276,0.40515747015768955,-0.055504671940051445,0.05,0.5974184564691056,0.03758160587639331,0.05,0.4324025355821473,0.07403678563783433,0.05
0.5863887391076601,0.09793653193002841,0.07938299520114211,0.5840631073159647,-0.0643604008924451,0.05,0.46796788477226947,0.023788146655699616,0.05,0.5161605661604044,0.057542753368073574,0.05
0.5003778457788527,-0.09059369122920798,0.07872843036359262,0.4831105716860621,0.008901447706527565,0.05,0.4268233389960217,-0.006627580581814715,0.05,0.4160781744104113,-0.0742184290085958,0.05
0.5034249321301844,-0.0873620435132529,0.077198106717145,0.4839638160801806,0.012535116163532908,0.05,0.5150335114233049,0.009118975308534977,0.05,0.464108245590593,0.08966092736851244,0.05
0.47110516893522825,0.053040766289660896,0.08093771077166016,0.5200452683247127,-0.05980741558837086,0.05,0.5659576842143357,0.031159999329004234,0.05,0.4142304895565512,-0.07899495136189741,0.05
0.5069582334790858,0.01831126284009113,0.09133922638212882,0.534727069857649,0.009352818967755,0.05,0.4807862933093183,-0.05977932107382449,0.05,0.5080604965873357,0.08803683650507466,0.05
0.48829251695393644,0.08926753463871762,0.09155708025966917,0.49034494042211196,0.012275565680604575,0.05,0.5015521623384624,-0.028671693747220048,0.05,0.44888652641197624,0.05283547455421095,0.05
0.4171126174887902,0.08152146255055523,0.06967155177482617,0.5626533039866565,-0.0324314424717141,0.05,0.44448207864390854,-0.05730392970725384,0.05,0.5640737100527723,0.03009023152826032,0.05
0.5106667786457328,0.05432225054528059,0.09079606897382482,0.41096991843981917,0.05927254692611025,0.05,0.40277531056097426,-0.07920286376859767,0.05,0.42554398723394676,0.010543770522670123,0.05
0.43730248972084035,-0.03166963108126315,0.0585230322376844,0.5335372492910689,-0.027977775250717873,0.05,0.5904596133124801,-0.023146561571525864,0.05,0.5030314813797067,-0.05177494785725534,0.05
0.40511914397857374,-0.01828253536403654,0.06250368650787377,0.4025177648542849,-0.07889976107762275,0.05,0.5347861528160494,-0.053410914303115155,0.05,0.5423935773800312,-0.022014122103820435,0.05
0.5668020912666679,-0.07097032236819266,0.0967722568597055,0.5218306535866534,-0.03254022684950486,0.05,0.5671036683432055,0.04975448109609376,0.05,0.45971426858556896,0.02691854913083494,0.05
0.4729820506505561,-0.012083596695443038,0.05206198190843389,0.5655643830319274,0.094954336162276,0.05,0.4075261978565991,0.012399763559457294,0.05,0.4244018946889015,0.053800267505328625,0.05
0.44077543253625134,0.08663547671639302,0.08497762220116839,0.5096645517722612,0.024148558693678115,0.05,0.4654152350531138,-0.05427152305886127,0.05,0.5502221040048048,0.008967535361594586,0.05
0.48624504002485247,0.0968473368992123,0.06005874338532846,0.5003788006114129,-0.08368788733846333,0.05,0.590573642374935,-0.02910880932763933,0.05,0.560354976811583,0.04305203407002409,0.05
0.4272304781836894,0.014492542017948293,0.09168964557873843,0.5063113076046923,0.03943576269101573,0.05,0.40942163481521243,0.057487191456943504,0.05,0.523228029758811,0.08110517154834004,0.05
0.4091566058854315,-0.09858468926050568,0.07213856689604276,0.4662070497707072,0.08246338470172834,0.05,0.4131589089439255,-0.01691510764075435,0.05,0.5271393816592009,0.011910369514789604,0.05
0.587312283420261,0.0556969743326908,0.05392187824568376,0.5258467419321394,0.027767293646183633,0.05,0.5188493222656597,0.056679291506484986,0.05,0.4172912623003257,-0.06310402428080256,0.05
0.5420989056759169,-0.0003705363524646732,0.052990147041331856,0.43648314484194084,0.07872880981293201,0.05,0.4575246136559647,0.07485191743988107,0.05,0.5606714936851054,0.07164028489656146,0.05
0.5130097717108338,-0.07563227175721372,0.07293194418456947,0.47743472022796907,0.018343055199010735,0.05,0.44050267753258826,0.041931391117728284,0.05,0.4527925148865943,0.09144121285613427,0.05
0.4793796052761249,0.06110722011777489,0.05032867159823455,0.4064446705881235,0.07248048580534089,0.05,0.4373497726112799,0.030386894419137972,0.05,0.5966488200394516,0.0210366136369919,0.05
0.4395757828216996,0.08506605134154885,0.08201527804806415,0.4199881965000205,-0.06599222804336555,0.05,0.5554840273934861,-0.03210823238873431,0.05,0.4745430779228238,0.04260519445654509,0.05
0.4869043990495277,0.05337950128237462,0.0786136796370974,0.5791749597029587,-0.04803137563438356,0.05,0.4019598839137528,0.08102342884440458,0.05,0.5711287142728043,-0.05341224307523462,0.05
0.5957708513713758,-0.044324884400271075,0.05237047883952978,0.5368153476918776,0.018704165725387717,0.05,0.40407516385910447,-0.04217235781118152,0.05,0.48441703268203007,0.01603209235132788,0.05
0.46493008790788704,-0.011953532950947615,0.0785560571705112,0.5208147871192981,-0.015356919869599792,0.05,0.5346962088693203,0.08021872316796941,0.05,0.4714666271652672,-0.08788958798678648,0.05
0.5757154997687757,0.06342153020770921,0.06746328328801666,0.47412812493933637,0.014182607149790624,0.05,0.583636340760974,-0.02023260870166381,0.05,0.571937272433053,-0.08011936059525114,0.05
0.4924090148138689,-0.05921034987633762,0.06603949291254785,0.4559776487403832,0.044553127101456924,0.05,0.5792351656863339,-0.07647284613024552,0.05,0.44083537512973586,0.09130822856109841,0.05
0.5722381155436004,0.044328002984561105,0.08743527178202778,0.5493671803523188,-0.07104216279085662,0.05,0.49241288594956745,0.027395533928424753,0.05,0.4387546619578602,-0.06972189239811791,0.05
0.5466297456143001,0.008684100218104548,0.07182018712966919,0.5879931754972336,0.09292081057948604,0.05,0.47578270874997336,-0.020946744450354937,0.05,0.42819993654790256,-0.06653175692494612,0.05
0.45195255581928334,-0.06011093283234488,0.08154306142338652,0.5325336593790652,-0.010488250984208622,0.05,0.5574190543985226,-0.08553444229798197,0.05,0.4253475652651777,0.00017765719437701222,0.05
0.4082003886264124,0.04328221688019365,0.07756867337556454,0.471794878535265,0.06401822841762947,0.05,0.4973638180526558,-0.07078648353670061,0.05,0.5900626913280403,-0.09245308754575106,0.05
0.49840541195920884,-0.03963089730288001,0.07469526041649494,0.42093214862408174,0.006043491926389061,0.05,0.5896381199242423,-0.0957204392844643,0.05,0.5549556603090802,-0.05091734505409762,0.05
0.5972496425616798,0.002980181619095787,0.06385047363279625,0.4846333584682592,-0.08544142704404474,0.05,0.5341122381585404,0.07217836243894862,0.05,0.40875091534499924,-0.060423213969348334,0.05
0.5897268572994878,-0.06435406695742416,0.06202603106492399,0.4357966494756906,-0.0014243103723498712,0.05,0.4644996746358354,-0.05657641543255143,0.05,0.5502510737383477,0.09390416317162051,0.05
0.44325326836168083,-0.018586191933081836,0.0819424914116148,0.47591411323088084,-0.08574648413732716,0.05,0.5148301644443908,-0.0527360118342179,0.05,0.40369901866615704,-0.09084508323080123,0.05
0.4777533056281931,-0.06508409145994327,0.07080514585741449,0.4724417055669295,0.04232039594303577,0.05,0.47248669847723807,0.09544187504425336,0.05,0.578582267041661,0.051014144428364105,0.05
0.44262701055225157,0.08194788782042897,0.09820749094838382,0.5540586848810128,-0.09824232096984196,0.05,0.504368074158676,0.044717240718044116,0.05,0.5326554463892503,0.07977740760315333,0.05
0.4602910930214405,0.01112129344669939,0.09429387572939156,0.5153342575178876,0.060908488271882166,0.05,0.5290251582725752,-0.09642069301612129,0.05,0.5689558008939096,0.050711583104491725,0.05
0.5645659036713768,-0.057385656511431904,0.060790170719784375,0.4807407395811747,0.023899348479554633,0.05,0.49803504519874836,0.044410852708233695,0.05,0.431549093842578,-0.09102890040353434,0.05
0.40982664938825,-0.023085378732245546,0.06523309660598642,0.5071778900288089,-0.0010605535650368009,0.05,0.4234539633082451,0.07134901471398153,0.05,0.464313075485599,-0.0675069395403825,0.05
0.5530722856724828,0.04932279330694006,0.053019648407103825,0.44952445347827547,-0.06460230565419084,0.05,0.4832319675966237,-0.009753582133502386,0.05,0.4652311393288133,-0.05057992022413489,0.05
0.503296808320903,-0.004862680788144752,0.07367401481167572,0.5597068079579977,0.0957022650641548,0.05,0.41319489555324507,0.01485303186522105,0.05,0.5902259484224186,0.08354264893833727,0.05
0.5790570237783623,0.02964646870711124,0.09257493513380557,0.46518269804926177,-0.028296103725326316,0.05,0.43336976045639675,0.09705104109289264,0.05,0.49882160433259987,-0.09953459504900915,0.05
0.42483244856736063,-0.0773328668962665,0.0625625737679999,0.5335088213397068,0.08510285652398086,0.05,0.478677309548787,-0.05439582128112735,0.05,0.45297016475643614,0.07641323178543555,0.05
0.4177272282146521,0.07198339715286603,0.08220974742434942,0.5175758023781151,0.011510914489586702,0.05,0.5838191143222307,-0.04253640393397926,0.05,0.5406316958419112,0.0289525012526691,0.05
0.5533878190189663,0.08272776113855496,0.0749484576331053,0.4830795881153217,0.03082196358971051,0.05,0.5762539687072342,-0.04896481271098194,0.05,0.560697546358756,-0.0708651512547956,0.05
0.4818884887167997,0.09018526728164547,0.09774587385447601,0.5532943831815877,-0.08832004918884406,0.05,0.5501207071203408,0.013357232682223552,0.05,0.48773524904944215,-0.0974868396212561,0.05
